id,user_id,title,description,public,recipe_image,one_point,love_count,eatstyle_id,amount,view_count,recipe_food_id,del_flg,created_at,updated_at
1,2,キャベツを追加！ジャーマンポテトキャベツ,ジャーマンポテトにキャベツを足したら？ キャベツのシャキシャキとじゃが芋のホクホクがオイシ～♪ボリュームと美味しさUP↑,true,recipe.jpg,じゃが芋は男爵、北あかりなどのホクホク系の品種がオススメ。レンジで火を通しておくことにより、調理が素早く出来ます。出来れば塩は岩塩、胡椒はブラックペッパーを使うと一層美味しさが増します。,0,0,0,0,1,2000-01-01 00:00:00 UTC,2011-01-24 00:00:00 UTC,2012-06-05 00:00:00 UTC
2,3,ジャガイモで青椒肉絲 ,ジャガイモの食感がなかなかですよ！ ,true,recipe.jpg,ジャガイモは食感が残るくらいの炒め具合がおすすめ！私は紹興酒の香りが好きなので☆☆☆もちろん日本酒でＯＫです！ ,1,0,0,0,1,2000-01-01 00:00:00 UTC,2010-05-27 00:00:00 UTC,2012-07-11 00:43:50 UTC
3,4,しっかり味の　フライドポテト,塩ゆでしたじゃがいもを揚げるので、しっかり味がついてます。　 　片栗粉で揚げるのでサクサクの食感なんです。,true,recipe.jpg,あげたじゃがいもに塩を振るのではなく、先に塩味をつけてしまいます。片栗粉はしっかりつけるのが、サクサクな食感のコツです。 ,0,0,0,0,1,2000-01-01 00:00:00 UTC,2011-12-29 00:00:00 UTC,2012-05-20 00:00:00 UTC
4,5,ビールにはこれじゃが！激辛四川ポテト,辛いのですが、辛いだけではなく美味しいです。 花椒の香り豊かな美味しいおつまみです。,true,recipe.jpg,じゃがいもは少しシャキシャキ感も楽しめるよう、手早く炒めるのがポイントです。ホクホクな食感が好きな方は、コンビーフを入れる前に５分程炒めてください☆,0,0,0,0,1,2000-01-01 00:00:00 UTC,2010-08-29 00:00:00 UTC,2011-03-13 00:00:00 UTC
5,6,じゃがいものコンビーフ卵炒め☆ ,１０分もあれば出来ちゃう！卵とコンビーフの組み合わせがたまらない簡単美味しいおかずです♪,true,recipe.jpg,網目の切れこみや、スプーンや手でちぎると味が染み込みやすくなります。,0,0,0,0,1,2000-01-01 00:00:00 UTC,2012-03-06 00:00:00 UTC,2012-05-24 00:00:00 UTC
6,7,焼きコロッケ？？シェパードパイ？,コロッケの材料をグラタン皿で焼いてシェパードパイもどきに！じゃがいもとひき肉、トロ～リチーズが美味しい♪人気検索１位感謝 ,true,recipe.jpg,●●●上記の写真は倍の量で作っているところです。●●●一人分ずつココットなどで焼いても♪　その場合はトースターで焼けます。強で１０位焼きますが、焦げ目が付き過ぎるので、焦げそうになったらアルミホイルをかぶせて下さい。 ,0,0,0,0,1,2000-01-01 00:00:00 UTC,2012-03-10 00:00:00 UTC,2012-05-17 00:00:00 UTC
7,8,くせになる☆ベーコンポテト,ベーコンたっぷりハッシュドポテト風♫ 味つけは仕上げの粗塩で！ ,true,recipe.jpg,小エビのかわりにイカや、さっと炒めた豚ばら肉などを入れても美味しいですよ。,0,0,0,0,1,2000-01-01 00:00:00 UTC,2012-02-20 00:00:00 UTC,2012-02-21 00:00:00 UTC
8,9,じゃがいもdeもっちり即席お好み焼き ,生地にジャガイモをすりおろした物を使っているので、もっちりとしたチヂミ風のお好み焼きが作れます。,true,recipe.jpg,形はいびつですが、それも味があって食べる楽しみになりますよ(＾▽＾),0,0,0,0,1,2000-01-01 00:00:00 UTC,2012-03-05 00:00:00 UTC,2012-03-05 00:00:00 UTC
9,7,じゃがいも＆卵のオーブン焼き ,家に常備してある素材で、ボリューム有り☆☆☆オーストラリアで食べた家庭の味です。じゃが芋好きに好評でした！ ,true,recipe.jpg,オーブントースターで焼く場合も、表面のチーズに焦げ目がつけば出来上がりです。オリーブオイルが味の決め手なので、ＥＸバージンオリーブオイルを使ってください。 ,0,0,0,0,1,2000-01-01 00:00:00 UTC,2011-09-09 00:00:00 UTC,2012-04-12 00:00:00 UTC
10,10,アンチョビポテト ,アンチョビとにんにくのうまみが嬉しい、ほくほくポテト。ビールがすすんじゃいますよ。。。 ,true,recipe.jpg,③では塩を1つまみくらいいれました。アンチョビの塩分によって変わるので、調整をしてください。 ,0,0,0,0,1,2000-01-01 00:00:00 UTC,2011-10-27 00:00:00 UTC,2011-10-27 00:00:00 UTC
11,1,♥アスパラとじゃがいものチーズサラダ♥,コロコロのアスパラとじゃがいもがとっても食べ易く、見た目も可愛いサラダです♡ ,true,recipe.jpg,③では塩を1つまみくらいいれました。アンチョビの塩分によって変わるので、調整をしてください。 ,0,0,0,0,1,2000-01-01 00:00:00 UTC,2012-06-05 13:22:11 UTC,2012-06-05 13:22:11 UTC
12,1,じゃがいもといんげんのマヨマスタード炒め,マヨマスタードの味がくせになる〜 マヨ好きにはたまらない〜♪ ２０１２．５.１５話題入りしました♪ ,true,recipe.jpg,③では塩を1つまみくらいいれました。アンチョビの塩分によって変わるので、調整をしてください。 ,0,0,0,0,1,2000-01-01 00:00:00 UTC,2012-06-05 13:22:11 UTC,2012-06-05 13:22:11 UTC
13,1,ほっこり、ウインナーとポテト ,材料を入れて煮るだけなのに、美味しいです。,true,recipe.jpg,③では塩を1つまみくらいいれました。アンチョビの塩分によって変わるので、調整をしてください。 ,0,0,0,0,1,2000-01-01 00:00:00 UTC,2012-06-05 13:22:11 UTC,2012-06-05 13:22:11 UTC
14,1,鮭とじゃがいものピカタ ,鮭とじゃがいもの組み合わせがとても美味しいです。 ,true,recipe.jpg,③では塩を1つまみくらいいれました。アンチョビの塩分によって変わるので、調整をしてください。 ,0,0,0,0,1,2000-01-01 00:00:00 UTC,2012-06-05 13:22:11 UTC,2012-06-05 13:22:11 UTC
15,1,★ジャガイモのカレーそぼろチーズのせ★ ,フライパンで簡単に出来ます☆ そのまま食卓へ♪ 材料、分量の変更を致しました。,true,recipe.jpg,③では塩を1つまみくらいいれました。アンチョビの塩分によって変わるので、調整をしてください。 ,0,0,0,0,1,2000-01-01 00:00:00 UTC,2012-06-05 13:22:11 UTC,2012-06-05 13:22:11 UTC
16,1,ポテチー焼き,ジャガイモとチーズが好きな人なら間違いないメニューですよ～。 ,true,recipe.jpg,③では塩を1つまみくらいいれました。アンチョビの塩分によって変わるので、調整をしてください。 ,0,0,0,0,1,2000-01-01 00:00:00 UTC,2012-06-05 13:22:11 UTC,2012-06-05 13:22:11 UTC
17,1,まるごとじゃがチーズ☆ ,じゃがいもをチーズで包んじゃいました☆レンジで簡単！！おつまみ1品☆ トマトと一緒でさっぱり☆バターしょうゆが美味！ ,true,recipe.jpg,③では塩を1つまみくらいいれました。アンチョビの塩分によって変わるので、調整をしてください。 ,0,0,0,0,1,2000-01-01 00:00:00 UTC,2012-06-05 13:22:11 UTC,2012-06-05 13:22:11 UTC
18,1,簡単うちの肉じゃが ,お肉もじゃが芋も味が染みて簡単にできる美味しい肉じゃがです。 ,true,recipe.jpg,③では塩を1つまみくらいいれました。アンチョビの塩分によって変わるので、調整をしてください。 ,0,0,0,0,1,2000-01-01 00:00:00 UTC,2012-06-05 13:22:11 UTC,2012-06-05 13:22:11 UTC
19,1,じゃがいもともあえ ,簡単！じゃがいも料理 じゃがいもと調味料さえあれば、すぐできます ,true,recipe.jpg,③では塩を1つまみくらいいれました。アンチョビの塩分によって変わるので、調整をしてください。 ,0,0,0,0,1,2000-01-01 00:00:00 UTC,2012-06-05 13:22:11 UTC,2012-06-05 13:22:11 UTC
20,1,洋風ジャガイモのきんぴら ,イタリアンな味付けですが和食にも合います♪冷めても美味しいのでお弁当にもどうぞ！,true,recipe.jpg,③では塩を1つまみくらいいれました。アンチョビの塩分によって変わるので、調整をしてください。 ,0,0,0,0,1,2000-01-01 00:00:00 UTC,2012-06-05 13:22:11 UTC,2012-06-05 13:22:11 UTC
21,1,キャベツのコクうまスープ ,イタリアンな味付けですが和食にも合います♪冷めても美味しいのでお弁当にもどうぞ！,true,recipe.jpg,③では塩を1つまみくらいいれました。アンチョビの塩分によって変わるので、調整をしてください。 ,0,0,0,0,2,2000-01-01 00:00:00 UTC,2012-06-05 13:22:11 UTC,2012-06-05 13:22:11 UTC
22,1,簡単♡キャベツと油揚げの柚子胡椒炒め ,イタリアンな味付けですが和食にも合います♪冷めても美味しいのでお弁当にもどうぞ！,true,recipe.jpg,③では塩を1つまみくらいいれました。アンチョビの塩分によって変わるので、調整をしてください。 ,0,0,0,0,2,2000-01-01 00:00:00 UTC,2012-06-05 13:22:11 UTC,2012-06-05 13:22:11 UTC
23,1,簡単！キャベツと豚肉の煮もの,イタリアンな味付けですが和食にも合います♪冷めても美味しいのでお弁当にもどうぞ！,true,recipe.jpg,③では塩を1つまみくらいいれました。アンチョビの塩分によって変わるので、調整をしてください。 ,0,0,0,0,2,2000-01-01 00:00:00 UTC,2012-06-05 13:22:11 UTC,2012-06-05 13:22:11 UTC
24,1,きゃべつと油揚げの煮物,イタリアンな味付けですが和食にも合います♪冷めても美味しいのでお弁当にもどうぞ！,true,recipe.jpg,③では塩を1つまみくらいいれました。アンチョビの塩分によって変わるので、調整をしてください。 ,0,0,0,0,2,2000-01-01 00:00:00 UTC,2012-06-05 13:22:11 UTC,2012-06-05 13:22:11 UTC
25,1,オイスターソース◎キャベツと豚の重ね蒸し ,イタリアンな味付けですが和食にも合います♪冷めても美味しいのでお弁当にもどうぞ！,true,recipe.jpg,③では塩を1つまみくらいいれました。アンチョビの塩分によって変わるので、調整をしてください。 ,0,0,0,0,2,2000-01-01 00:00:00 UTC,2012-06-05 13:22:11 UTC,2012-06-05 13:22:11 UTC
26,1,ノンオイルでキャベツの卵とじ,イタリアンな味付けですが和食にも合います♪冷めても美味しいのでお弁当にもどうぞ！,true,recipe.jpg,③では塩を1つまみくらいいれました。アンチョビの塩分によって変わるので、調整をしてください。 ,0,0,0,0,2,2000-01-01 00:00:00 UTC,2012-06-05 13:22:11 UTC,2012-06-05 13:22:11 UTC
27,1,簡単おいしいキャベツのゴマ和え ,イタリアンな味付けですが和食にも合います♪冷めても美味しいのでお弁当にもどうぞ！,true,recipe.jpg,③では塩を1つまみくらいいれました。アンチョビの塩分によって変わるので、調整をしてください。 ,0,0,0,0,2,2000-01-01 00:00:00 UTC,2012-06-05 13:22:11 UTC,2012-06-05 13:22:11 UTC
28,1,超簡単！キャベツと桜エビのお手軽ソテー ,イタリアンな味付けですが和食にも合います♪冷めても美味しいのでお弁当にもどうぞ！,true,recipe.jpg,③では塩を1つまみくらいいれました。アンチョビの塩分によって変わるので、調整をしてください。 ,0,0,0,0,2,2000-01-01 00:00:00 UTC,2012-06-05 13:22:11 UTC,2012-06-05 13:22:11 UTC
29,1,塩麹で♪もりもりキャベツサラダ☆ ,イタリアンな味付けですが和食にも合います♪冷めても美味しいのでお弁当にもどうぞ！,true,recipe.jpg,③では塩を1つまみくらいいれました。アンチョビの塩分によって変わるので、調整をしてください。 ,0,0,0,0,2,2000-01-01 00:00:00 UTC,2012-06-05 13:22:11 UTC,2012-06-05 13:22:11 UTC
30,1,キャベツのコクうまスープ ,超簡単なのに、コクうま。 キャベツの甘みと豚肉のコクに、あっさり塩味のスープが染みこんで絶妙です。,true,recipe.jpg,③では塩を1つまみくらいいれました。アンチョビの塩分によって変わるので、調整をしてください。 ,0,0,0,0,2,2000-01-01 00:00:00 UTC,2012-06-05 13:22:11 UTC,2012-06-05 13:22:11 UTC
31,1,簡単♡キャベツと油揚げの柚子胡椒炒め ,常備な２つの材料で超簡単にご飯に一品追加★お弁当にもおつまみにも♡ 焼き上げた油揚げとキャベツが合いますよ～♡ ,true,recipe.jpg,③では塩を1つまみくらいいれました。アンチョビの塩分によって変わるので、調整をしてください。 ,0,0,0,0,2,2000-01-01 00:00:00 UTC,2012-06-05 13:22:11 UTC,2012-06-05 13:22:11 UTC
32,1,簡単！キャベツと豚肉の煮もの,パパパッと作れて、とっても美味しいですよ。 材料全部入れて煮るだけ♪ ,true,recipe.jpg,③では塩を1つまみくらいいれました。アンチョビの塩分によって変わるので、調整をしてください。 ,0,0,0,0,2,2000-01-01 00:00:00 UTC,2012-06-05 13:22:11 UTC,2012-06-05 13:22:11 UTC
33,1,きゃべつと油揚げの煮物,きゃべつの甘みとじゅわ～っと味の染みた油揚げが 美味しい煮物です。 2011.7.25話題入り♪感謝です。 ,true,recipe.jpg,③では塩を1つまみくらいいれました。アンチョビの塩分によって変わるので、調整をしてください。 ,0,0,0,0,2,2000-01-01 00:00:00 UTC,2012-06-05 13:22:11 UTC,2012-06-05 13:22:11 UTC
34,1,オイスターソース◎キャベツと豚の重ね蒸し,オイスターソースが効いてます（＾ｕ＾） 簡単なひと手間でキャベツがとろとろお肉と絡んでおいしいです！,true,recipe.jpg,③では塩を1つまみくらいいれました。アンチョビの塩分によって変わるので、調整をしてください。 ,0,0,0,0,2,2000-01-01 00:00:00 UTC,2012-06-05 13:22:11 UTC,2012-06-05 13:22:11 UTC
35,1,ノンオイルでキャベツの卵とじ ,油を使わずに野菜炒め（？）。キャベツを卵とじにしてみました。,true,recipe.jpg,③では塩を1つまみくらいいれました。アンチョビの塩分によって変わるので、調整をしてください。 ,0,0,0,0,2,2000-01-01 00:00:00 UTC,2012-06-05 13:22:11 UTC,2012-06-05 13:22:11 UTC
36,1,簡単おいしいキャベツのゴマ和え,超簡単！10分も掛からない‼ 包丁も使わない‼ ,true,recipe.jpg,③では塩を1つまみくらいいれました。アンチョビの塩分によって変わるので、調整をしてください。 ,0,0,0,0,2,2000-01-01 00:00:00 UTC,2012-06-05 13:22:11 UTC,2012-06-05 13:22:11 UTC
37,1,超簡単！キャベツと桜エビのお手軽ソテー,ジャーマンポテトにキャベツを足したら？ キャベツのシャキシャキとじゃが芋のホクホクがオイシ～♪ボリュームと美味しさUP↑,true,recipe.jpg,③では塩を1つまみくらいいれました。アンチョビの塩分によって変わるので、調整をしてください。 ,0,0,0,0,2,2000-01-01 00:00:00 UTC,2012-06-05 13:22:11 UTC,2012-06-05 13:22:11 UTC
38,1,塩麹で♪もりもりキャベツサラダ☆ ,キャベツをたっぷりいただけます！ あと一品というときにササッとできるのも嬉しいです♪,true,recipe.jpg,③では塩を1つまみくらいいれました。アンチョビの塩分によって変わるので、調整をしてください。 ,0,0,0,0,2,2000-01-01 00:00:00 UTC,2012-06-05 13:22:11 UTC,2012-06-05 13:22:11 UTC
39,1,あっ！という間に！きゃべつでホイコーロー ,家にある調味料ですぐ出来ます(*´∪｀*)野菜と豚肉が合うわぁ～,true,recipe.jpg,③では塩を1つまみくらいいれました。アンチョビの塩分によって変わるので、調整をしてください。 ,0,0,0,0,2,2000-01-01 00:00:00 UTC,2012-06-05 13:22:11 UTC,2012-06-05 13:22:11 UTC
40,1,野菜がすごくおいしいサラダ！,材料はキャベツ、キュウリ、人参の三種類！ シンプルだけど、本当においしいんです♪ 野菜の水分をたっぷり出すのがポイント♡,true,recipe.jpg,③では塩を1つまみくらいいれました。アンチョビの塩分によって変わるので、調整をしてください。 ,0,0,0,0,2,2000-01-01 00:00:00 UTC,2012-06-05 13:22:11 UTC,2012-06-05 13:22:11 UTC
41,1,春キャベツとあさりのワイン蒸し ,あさりのだしがすごーク出ておいしいワイン蒸しです。今が旬の春キャベツがバクバク食べれちゃう!! ,true,recipe.jpg,③では塩を1つまみくらいいれました。アンチョビの塩分によって変わるので、調整をしてください。 ,0,0,0,0,2,2000-01-01 00:00:00 UTC,2012-06-05 13:22:11 UTC,2012-06-05 13:22:11 UTC
42,1,すぐ出来る☆キャベツと豚肉のおかか炒め,何にもしたくないとき、冷蔵庫に食材が少ないときにもってこい！！こんなに簡単なのに、とってもおいしいです☆,true,recipe.jpg,③では塩を1つまみくらいいれました。アンチョビの塩分によって変わるので、調整をしてください。 ,0,0,0,0,2,2000-01-01 00:00:00 UTC,2012-06-05 13:22:11 UTC,2012-06-05 13:22:11 UTC
43,1,柚子とキャベツのさっぱり＊はしやすめ ,柚子のさわやかな風味が、お肉料理などのはしやすめにぴったりです。あと1品ほしいときに☆,true,recipe.jpg,③では塩を1つまみくらいいれました。アンチョビの塩分によって変わるので、調整をしてください。 ,0,0,0,0,2,2000-01-01 00:00:00 UTC,2012-06-05 13:22:11 UTC,2012-06-05 13:22:11 UTC
44,1,爽やか！キャベツのSpring☆サラダ ,野菜のシャキシャキとした食感やヨーグルトベースのさっぱりドレッシングが「春」にぴったりの爽やかなお手軽サラダです。,true,recipe.jpg,③では塩を1つまみくらいいれました。アンチョビの塩分によって変わるので、調整をしてください。 ,0,0,0,0,2,2000-01-01 00:00:00 UTC,2012-06-05 13:22:11 UTC,2012-06-05 13:22:11 UTC
45,1,キャベツの塩辛炒め  ,早い安いうまい！塩辛が冷蔵庫で余ってたら是非〜(^ω^) ,true,recipe.jpg,③では塩を1つまみくらいいれました。アンチョビの塩分によって変わるので、調整をしてください。 ,0,0,0,0,2,2000-01-01 00:00:00 UTC,2012-06-05 13:22:11 UTC,2012-06-05 13:22:11 UTC
46,1,懐かしい給食の味♡キャベツとハムのサラダ,美味しかった給食の味を再現したくて。。。チーズが決め手のマヨネーズ味のサラダ♪ 期待通りの味になりました～♡,true,recipe.jpg,③では塩を1つまみくらいいれました。アンチョビの塩分によって変わるので、調整をしてください。 ,0,0,0,0,2,2000-01-01 00:00:00 UTC,2012-06-05 13:22:11 UTC,2012-06-05 13:22:11 UTC
47,1,キャベツしかない時 Part.1 ,冷蔵庫にキャベツしか無くても作れる、おかずになる中華風サラダ。調理時間5分弱。,true,recipe.jpg,③では塩を1つまみくらいいれました。アンチョビの塩分によって変わるので、調整をしてください。 ,0,0,0,0,2,2000-01-01 00:00:00 UTC,2012-06-05 13:22:11 UTC,2012-06-05 13:22:11 UTC
48,1,たくさん食べられる『温キャベツサラダ』♬ ,沢山キャベツが食べられる一品。 味付けもシンプルなのでキャベツの甘みが楽しめるよ♬ダイエットにもグ～！！,true,recipe.jpg,③では塩を1つまみくらいいれました。アンチョビの塩分によって変わるので、調整をしてください。 ,0,0,0,0,2,2000-01-01 00:00:00 UTC,2012-06-05 13:22:11 UTC,2012-06-05 13:22:11 UTC
49,1,時間が経つほど美味しいキャベツのマリネ ,超簡単マリネードサラダ。キャベツベースでお好みの野菜を刻んで混ぜて漬け込むだけ。だんだん美味しくなります,true,recipe.jpg,③では塩を1つまみくらいいれました。アンチョビの塩分によって変わるので、調整をしてください。 ,0,0,0,0,2,2000-01-01 00:00:00 UTC,2012-06-05 13:22:11 UTC,2012-06-05 13:22:11 UTC
50,1,鶏モモとキャベツの簡単蒸し焼き～☆ ,時間がないとき、メインが決まらなくて悩むとき、手軽にパパッとできる我が家自慢の一品です(^_^)v,true,recipe.jpg,③では塩を1つまみくらいいれました。アンチョビの塩分によって変わるので、調整をしてください。 ,0,0,0,0,2,2000-01-01 00:00:00 UTC,2012-06-05 13:22:11 UTC,2012-06-05 13:22:11 UTC
51,1,バーベキューのお供に　胡瓜の生姜和え,生姜がピリリと効いて、お肉の合間に持って来い！ 脂肪の消化も促進してくれます(*^^)v まな板無しで作れて簡単～♪,true,recipe.jpg,③では塩を1つまみくらいいれました。アンチョビの塩分によって変わるので、調整をしてください。 ,0,0,0,0,2,2000-01-01 00:00:00 UTC,2012-06-05 13:22:11 UTC,2012-06-05 13:22:11 UTC
52,1,∮ エリンギきゅうりのコチュ炒め ∮ ,ぷりぷりエリンギとポリポリきゅうり。 ピリ辛コチュジャンで♪ ちゃちゃっと炒めました(*´ε｀*)♬♪,true,recipe.jpg,③では塩を1つまみくらいいれました。アンチョビの塩分によって変わるので、調整をしてください。 ,0,0,0,0,2,2000-01-01 00:00:00 UTC,2012-06-05 13:22:11 UTC,2012-06-05 13:22:11 UTC
53,1,キュウリとベーコンの塩炒め,キュウリの水分を塩でだしてから炒めると、青臭さがなくなって美味しい炒め物が出来ますよ。 ,true,recipe.jpg,③では塩を1つまみくらいいれました。アンチョビの塩分によって変わるので、調整をしてください。 ,0,0,0,0,2,2000-01-01 00:00:00 UTC,2012-06-05 13:22:11 UTC,2012-06-05 13:22:11 UTC
54,1,白菜･きゅうり･すだちの簡単漬け物,すだちがたっぷり入った、爽やかで上品なお漬け物。とっても簡単に作れるので、スダチのおいしい季節にぜひどうぞ♪ ,true,recipe.jpg,③では塩を1つまみくらいいれました。アンチョビの塩分によって変わるので、調整をしてください。 ,0,0,0,0,2,2000-01-01 00:00:00 UTC,2012-06-05 13:22:11 UTC,2012-06-05 13:22:11 UTC
55,1,【農家のレシピ】丸ごと1本キュウリの漬物 ,キュウリと調味液をビニール袋に入れて1日で完成の簡単キュウリの漬物。そのまま豪快にガブッっと食べても美味しいよ～♪,true,recipe.jpg,③では塩を1つまみくらいいれました。アンチョビの塩分によって変わるので、調整をしてください。 ,0,0,0,0,2,2000-01-01 00:00:00 UTC,2012-06-05 13:22:11 UTC,2012-06-05 13:22:11 UTC
56,1,サッパリ♪中華風浅漬け ,２０１２/４/１６話題入り❤辛さを調節すれば子供もポリポリ食べます♪51 ,true,recipe.jpg,③では塩を1つまみくらいいれました。アンチョビの塩分によって変わるので、調整をしてください。 ,0,0,0,0,2,2000-01-01 00:00:00 UTC,2012-06-05 13:22:11 UTC,2012-06-05 13:22:11 UTC
57,1,【農家のレシピ】キュウリのピクルス,熱いピクルス液に生のキュウリを漬けると、おいしく仕上がります。サンドイッチやホットドックにぜひどうぞ♪ ,true,recipe.jpg,③では塩を1つまみくらいいれました。アンチョビの塩分によって変わるので、調整をしてください。 ,0,0,0,0,2,2000-01-01 00:00:00 UTC,2012-06-05 13:22:11 UTC,2012-06-05 13:22:11 UTC
58,1,塩揉みきゅうりと香味野菜のすだち和え ,口元涼しい、浅漬け風のさわやかな和え物。大葉・みょうが・生姜の良い香りにポリポリのきゅうりが最高においしい箸休めです♪,true,recipe.jpg,③では塩を1つまみくらいいれました。アンチョビの塩分によって変わるので、調整をしてください。 ,0,0,0,0,2,2000-01-01 00:00:00 UTC,2012-06-05 13:22:11 UTC,2012-06-05 13:22:11 UTC
59,1,わかめときゅうりのゴマたっぷりサラダ ,火を使わないので、涼しくできます。冷蔵庫に寝かせても、味がなじんで、かつ冷たく美味しくいただけます。,true,recipe.jpg,③では塩を1つまみくらいいれました。アンチョビの塩分によって変わるので、調整をしてください。 ,0,0,0,0,2,2000-01-01 00:00:00 UTC,2012-06-05 13:22:11 UTC,2012-06-05 13:22:11 UTC
60,1,イカときゅうりのコチュジャン和え,酢の物にあきたらピリ辛サッパリ♪コリコリシャキシャキ歯ごたえも楽しんで(^o^) ,true,recipe.jpg,③では塩を1つまみくらいいれました。アンチョビの塩分によって変わるので、調整をしてください。 ,0,0,0,0,2,2000-01-01 00:00:00 UTC,2012-06-05 13:22:11 UTC,2012-06-05 13:22:11 UTC
61,1,厚揚げと茄子の味噌炒め ,しっかり味なので、お酒にも合うかも♪,true,recipe.jpg,③では塩を1つまみくらいいれました。アンチョビの塩分によって変わるので、調整をしてください。 ,0,0,0,0,3,2000-01-01 00:00:00 UTC,2012-06-05 13:22:11 UTC,2012-06-05 13:22:11 UTC
62,1,✿なすの肉味噌あんかけ✿,焼きナスに甜麵醤で仕上げた肉味噌あんかけをかけました。あんかけの味噌味が濃すぎなくて丁度いいおいしさです（●＾o＾●）У ,true,recipe.jpg,③では塩を1つまみくらいいれました。アンチョビの塩分によって変わるので、調整をしてください。 ,0,0,0,0,3,2000-01-01 00:00:00 UTC,2012-06-05 13:22:11 UTC,2012-06-05 13:22:11 UTC
63,1,∮ なすの南蛮漬けღ青じそ風味 ∮ ,✿話題入り感謝です✿ 揚げずに簡単✰彡 レンジでチン(｡￫‿◕｡)✿♫ たっぷり作って常備菜にも♬ ,true,recipe.jpg,③では塩を1つまみくらいいれました。アンチョビの塩分によって変わるので、調整をしてください。 ,0,0,0,0,3,2000-01-01 00:00:00 UTC,2012-06-05 13:22:11 UTC,2012-06-05 13:22:11 UTC
64,1,鶏肉とナスの揚げ漬け風 ,ナスは揚げていませんが、鶏からの油と旨味をたっぷり吸って、美味＆ヘルシー＆簡単♪ ,true,recipe.jpg,③では塩を1つまみくらいいれました。アンチョビの塩分によって変わるので、調整をしてください。 ,0,0,0,0,3,2000-01-01 00:00:00 UTC,2012-06-05 13:22:11 UTC,2012-06-05 13:22:11 UTC
65,1,茹で豚の揚げナスのっけ！ ,簡単タレがしみこんだ揚げナスが美味しい～！！ with そうめんもおすすめです☆☆☆,true,recipe.jpg,③では塩を1つまみくらいいれました。アンチョビの塩分によって変わるので、調整をしてください。 ,0,0,0,0,3,2000-01-01 00:00:00 UTC,2012-06-05 13:22:11 UTC,2012-06-05 13:22:11 UTC
66,1,茄子と豚肉の味噌炒め ,話題入り感謝です！夏野菜＆豚肉の味噌炒めついついご飯がすすみます♡ ,true,recipe.jpg,③では塩を1つまみくらいいれました。アンチョビの塩分によって変わるので、調整をしてください。 ,0,0,0,0,3,2000-01-01 00:00:00 UTC,2012-06-05 13:22:11 UTC,2012-06-05 13:22:11 UTC
67,1,なすとピーマンのとろとろ煮 ,一人でもたくさんのﾋﾟｰﾏﾝ食べれます♪ ,true,recipe.jpg,③では塩を1つまみくらいいれました。アンチョビの塩分によって変わるので、調整をしてください。 ,0,0,0,0,3,2000-01-01 00:00:00 UTC,2012-06-05 13:22:11 UTC,2012-06-05 13:22:11 UTC
68,1,なすとピーマンの甘辛しょうが炒め✿,時間のない時に超簡単にできるﾎﾞﾘｭｰﾑある一品♪ご飯も進みます☆（2012.05.28　100人話題入り♪感謝です♡） ,true,recipe.jpg,③では塩を1つまみくらいいれました。アンチョビの塩分によって変わるので、調整をしてください。 ,0,0,0,0,3,2000-01-01 00:00:00 UTC,2012-06-05 13:22:11 UTC,2012-06-05 13:22:11 UTC
69,1,田舎風☆茄子の甘辛とろっとろ煮,とろとろに煮た茄子が口の中でとろけます❤ 甘辛く濃いめの味で箸が止まりません♪ 2012/4/11✧話題入り✧感謝 ,true,recipe.jpg,③では塩を1つまみくらいいれました。アンチョビの塩分によって変わるので、調整をしてください。 ,0,0,0,0,3,2000-01-01 00:00:00 UTC,2012-06-05 13:22:11 UTC,2012-06-05 13:22:11 UTC
70,1,なすときのこの治部煮風 ,朝晩肌寒く感じる頃は、こんなあたたかい一品が恋しくなります。 ピックアップ＆話題入り大感謝です♡,true,recipe.jpg,③では塩を1つまみくらいいれました。アンチョビの塩分によって変わるので、調整をしてください。 ,0,0,0,0,3,2000-01-01 00:00:00 UTC,2012-06-05 13:22:11 UTC,2012-06-05 13:22:11 UTC
71,1,♪大根の皮でピリ辛きんぴら♪,大根の皮を捨てないで～(๑￫‿ฺ￩๑) ,true,recipe.jpg,③では塩を1つまみくらいいれました。アンチョビの塩分によって変わるので、調整をしてください。 ,0,0,0,0,5,2000-01-01 00:00:00 UTC,2012-06-05 13:22:11 UTC,2012-06-05 13:22:11 UTC
72,1,大根と帆立貝柱缶のサラダ ,簡単に出来て、貝嫌い(嫁、息子)も大好きなサラダです！ ,true,recipe.jpg,③では塩を1つまみくらいいれました。アンチョビの塩分によって変わるので、調整をしてください。 ,0,0,0,0,5,2000-01-01 00:00:00 UTC,2012-06-05 13:22:11 UTC,2012-06-05 13:22:11 UTC
73,1,月見大根サラダ ,大根サラダのバリエーション第１弾。 食べる直前に、よく混ぜてお召し上がり下さい。 ,true,recipe.jpg,③では塩を1つまみくらいいれました。アンチョビの塩分によって変わるので、調整をしてください。 ,0,0,0,0,5,2000-01-01 00:00:00 UTC,2012-06-05 13:22:11 UTC,2012-06-05 13:22:11 UTC
74,1,温まるぅ～大根と豚ひき肉のトロトロ♪,多めのトロトロ煮汁で体も心もポッカポカ♪ オイスターソースとごま油で、優しい中にもしっかり味のコク旨です★話題入り感謝★ ,true,recipe.jpg,③では塩を1つまみくらいいれました。アンチョビの塩分によって変わるので、調整をしてください。 ,0,0,0,0,5,2000-01-01 00:00:00 UTC,2012-06-05 13:22:11 UTC,2012-06-05 13:22:11 UTC
75,1,大根☆しそ☆昆布の浅漬け ,切って和えるだけのシンプルな香の物！ 手早く作ってプラス１品に･･･☆ ,true,recipe.jpg,③では塩を1つまみくらいいれました。アンチョビの塩分によって変わるので、調整をしてください。 ,0,0,0,0,5,2000-01-01 00:00:00 UTC,2012-06-05 13:22:11 UTC,2012-06-05 13:22:11 UTC
76,1,大根、ひき肉、厚揚げ煮 ,大根、厚揚げ、ひきにく… 美味しい組み合わせです。ほっこり和食です！！,true,recipe.jpg,③では塩を1つまみくらいいれました。アンチョビの塩分によって変わるので、調整をしてください。 ,0,0,0,0,5,2000-01-01 00:00:00 UTC,2012-06-05 13:22:11 UTC,2012-06-05 13:22:11 UTC
77,1,圧力鍋で簡単❤大根とベーコンのスープ煮❤ ,鍋に放り込むだけの乱暴な料理が、なんと優しい美味しさに変身♪材料も少なくて楽ちん♪ベーコンの旨みが大根に染みてる～✿ ,true,recipe.jpg,③では塩を1つまみくらいいれました。アンチョビの塩分によって変わるので、調整をしてください。 ,0,0,0,0,5,2000-01-01 00:00:00 UTC,2012-06-05 13:22:11 UTC,2012-06-05 13:22:11 UTC
78,1,大根のたいたん ,本日は大根尽くし。 御飯を炊いたので、米のとぎ汁を使って大根の灰汁を抜く。 大根1本198円也。,true,recipe.jpg,③では塩を1つまみくらいいれました。アンチョビの塩分によって変わるので、調整をしてください。 ,0,0,0,0,5,2000-01-01 00:00:00 UTC,2012-06-05 13:22:11 UTC,2012-06-05 13:22:11 UTC
79,1,カクテキ（大根キムチ）風コチュジャン和え,ご家庭にある材料で簡単にカクテキ風の美味しい大根のお漬物が出来ます♪ ,true,recipe.jpg,③では塩を1つまみくらいいれました。アンチョビの塩分によって変わるので、調整をしてください。 ,0,0,0,0,5,2000-01-01 00:00:00 UTC,2012-06-05 13:22:11 UTC,2012-06-05 13:22:11 UTC
80,1,中華大根サラダ,ごまの香り高い中華サラダ ,true,recipe.jpg,③では塩を1つまみくらいいれました。アンチョビの塩分によって変わるので、調整をしてください。 ,0,0,0,0,5,2000-01-01 00:00:00 UTC,2012-06-05 13:22:11 UTC,2012-06-05 13:22:11 UTC
81,1,あったか～い♡オニオンスープ ,オニオンスープを簡単に！,true,recipe.jpg,③では塩を1つまみくらいいれました。アンチョビの塩分によって変わるので、調整をしてください。 ,0,0,0,0,4,2000-01-01 00:00:00 UTC,2012-06-05 13:22:11 UTC,2012-06-05 13:22:11 UTC
82,1,♡∔⁺miruの必殺オニオンリング⁺∔♡,♥2011/04/13話題入り♥ 衣がキレイに絡む秘密のレシピ♡冷めてもサックサクですσ)´∪`*) ﾎﾞｰﾉ♪,true,recipe.jpg,③では塩を1つまみくらいいれました。アンチョビの塩分によって変わるので、調整をしてください。 ,0,0,0,0,4,2000-01-01 00:00:00 UTC,2012-06-05 13:22:11 UTC,2012-06-05 13:22:11 UTC
83,1,玉ねぎと鰹節のめんつゆサラダ,2012.5.14話題入り感謝！ 玉ねぎパクパクいけます✿サラダにも箸休めにも最高の一品♡冷奴にかけても♡簡単だよ～♫ ,true,recipe.jpg,③では塩を1つまみくらいいれました。アンチョビの塩分によって変わるので、調整をしてください。 ,0,0,0,0,4,2000-01-01 00:00:00 UTC,2012-06-05 13:22:11 UTC,2012-06-05 13:22:11 UTC
84,1,玉葱ロースト☆★　サクサクベーコンON！ ,甘～い玉葱に、ベーコンとサクサクパン粉を♪フライパンだけ～お手軽な1品☆ おつまみにも♪,true,recipe.jpg,③では塩を1つまみくらいいれました。アンチョビの塩分によって変わるので、調整をしてください。 ,0,0,0,0,4,2000-01-01 00:00:00 UTC,2012-06-05 13:22:11 UTC,2012-06-05 13:22:11 UTC
85,1,簡単！玉ねぎのキッシュ♪,玉ねぎが主役のキッシュです。 年中ある野菜だし家計にも優しい！ フランス人の旦那も絶賛しました。笑 ,true,recipe.jpg,③では塩を1つまみくらいいれました。アンチョビの塩分によって変わるので、調整をしてください。 ,0,0,0,0,4,2000-01-01 00:00:00 UTC,2012-06-05 13:22:11 UTC,2012-06-05 13:22:11 UTC
86,1,父の日に！玉ねぎたっぷりおつまみ ,玉ねぎの甘みと、ケチャップの酸味がよく合います。おつまみにぜひ。簡単で彩りも良いので、お弁当にも。 ,true,recipe.jpg,③では塩を1つまみくらいいれました。アンチョビの塩分によって変わるので、調整をしてください。 ,0,0,0,0,4,2000-01-01 00:00:00 UTC,2012-06-05 13:22:11 UTC,2012-06-05 13:22:11 UTC
87,1,玉ねぎとウインナーのことっと煮 ,材料を入れて15分で完成です。,true,recipe.jpg,③では塩を1つまみくらいいれました。アンチョビの塩分によって変わるので、調整をしてください。 ,0,0,0,0,4,2000-01-01 00:00:00 UTC,2012-06-05 13:22:11 UTC,2012-06-05 13:22:11 UTC
88,1,ワインにあう、焼き玉ねぎ ,玉ねぎ1個でも、ワインにあって、存在感のある一皿ができます。,true,recipe.jpg,③では塩を1つまみくらいいれました。アンチョビの塩分によって変わるので、調整をしてください。 ,0,0,0,0,4,2000-01-01 00:00:00 UTC,2012-06-05 13:22:11 UTC,2012-06-05 13:22:11 UTC
89,1,野菜とソーセージのあったかポトフ,冬の大人気メニュー、ポトフ。でもあるものを加えることで、煮込み時間は短くてもいつものポトフが数倍おいしくなります。 ,true,recipe.jpg,③では塩を1つまみくらいいれました。アンチョビの塩分によって変わるので、調整をしてください。 ,0,0,0,0,4,2000-01-01 00:00:00 UTC,2012-06-05 13:22:11 UTC,2012-06-05 13:22:11 UTC
90,1,♢♦玉ねぎとなめ茸でもう一品♦♢,3つの食材で簡単にあと一品が作れます。 和えるだけのクイックお惣菜です。 夕飯のお助けメニューにいかがでしょうか？ ,true,recipe.jpg,③では塩を1つまみくらいいれました。アンチョビの塩分によって変わるので、調整をしてください。 ,0,0,0,0,4,2000-01-01 00:00:00 UTC,2012-06-05 13:22:11 UTC,2012-06-05 13:22:11 UTC
91,1,絶対ビール！！☆鶏胸肉の辛いソテー☆,これ、絶対ビール(*^-^)♪　鶏胸肉安いし、家にある材料で簡単に出来ます。辛さ＆にんにくを調節してお弁当のおかずにも♪ ,true,recipe.jpg,③では塩を1つまみくらいいれました。アンチョビの塩分によって変わるので、調整をしてください。 ,0,0,0,0,7,2000-01-01 00:00:00 UTC,2012-06-05 13:22:11 UTC,2012-06-05 13:22:11 UTC
92,1,激うま☆鶏むね肉のジューシー柔らかソテー,あのむね肉が奇跡のように柔らかくて口にしたら「旨い！」って言うこと間違いなしです☆ヘルシー☆ジューシー☆安い☆絶品です☆ ,true,recipe.jpg,③では塩を1つまみくらいいれました。アンチョビの塩分によって変わるので、調整をしてください。 ,0,0,0,0,7,2000-01-01 00:00:00 UTC,2012-06-05 13:22:11 UTC,2012-06-05 13:22:11 UTC
93,1,油淋鶏(ユーリンチー),鶏ムネ肉を使ったガッツリメニューd(ﾟ∀ﾟd) 甘酸っぱいタレを揚げたての鶏肉にジュっとかければ、野菜もたっぷりいけます ,true,recipe.jpg,③では塩を1つまみくらいいれました。アンチョビの塩分によって変わるので、調整をしてください。 ,0,0,0,0,7,2000-01-01 00:00:00 UTC,2012-06-05 13:22:11 UTC,2012-06-05 13:22:11 UTC
94,1,★旨ッ！！鶏むね肉DE鶏チャーシュー,"鶏肉で激ウマチャーシュー♪前日や朝に作って夕飯には味が染み染み〜★24,5,12つくレポ100人達成！！ ",true,recipe.jpg,③では塩を1つまみくらいいれました。アンチョビの塩分によって変わるので、調整をしてください。 ,0,0,0,0,7,2000-01-01 00:00:00 UTC,2012-06-05 13:22:11 UTC,2012-06-05 13:22:11 UTC
95,1,冬瓜と鶏胸肉のこってり煮 ,あっさり胸肉と冬瓜がこってりおかずに大変身！ごはんが進む～。とろとろ冬瓜もおいしい！ ,true,recipe.jpg,③では塩を1つまみくらいいれました。アンチョビの塩分によって変わるので、調整をしてください。 ,0,0,0,0,7,2000-01-01 00:00:00 UTC,2012-06-05 13:22:11 UTC,2012-06-05 13:22:11 UTC
96,1,フライパンで☆簡単鶏チャーシュー☆ ,茹でずにフライパンだけで簡単に出来る鶏胸肉を使ったヘルシーなやわらかチャーシューです。 ,true,recipe.jpg,③では塩を1つまみくらいいれました。アンチョビの塩分によって変わるので、調整をしてください。 ,0,0,0,0,7,2000-01-01 00:00:00 UTC,2012-06-05 13:22:11 UTC,2012-06-05 13:22:11 UTC
97,1,★鶏胸肉の豆乳マスタードクリームソテー★ ,H24.4.30話題入り★ 鶏胸肉が柔らか～ジューシー♪きのこ＆豆乳使用でヘルシーで美味しくちょっと豪華な一品です＾−＾ ,true,recipe.jpg,③では塩を1つまみくらいいれました。アンチョビの塩分によって変わるので、調整をしてください。 ,0,0,0,0,7,2000-01-01 00:00:00 UTC,2012-06-05 13:22:11 UTC,2012-06-05 13:22:11 UTC
98,1,鶏胸肉で★しょうが焼き～ ,鶏胸肉でもおいしい生姜焼きになりました～ ,true,recipe.jpg,③では塩を1つまみくらいいれました。アンチョビの塩分によって変わるので、調整をしてください。 ,0,0,0,0,7,2000-01-01 00:00:00 UTC,2012-06-05 13:22:11 UTC,2012-06-05 13:22:11 UTC
99,1,むね肉やわらか！揚げないチキン南蛮,むね肉がやわらかジューシーなチキン南蛮！ 冷めても美味しいからお弁当にも♪ つくれぽ900件ありがとうございます！ ,true,recipe.jpg,③では塩を1つまみくらいいれました。アンチョビの塩分によって変わるので、調整をしてください。 ,0,0,0,0,7,2000-01-01 00:00:00 UTC,2012-06-05 13:22:11 UTC,2012-06-05 13:22:11 UTC
100,1,簡単チキンナゲット♪  ,安い！簡単！美味しい！これだけ作って３００円ちょっとです♪ ,true,recipe.jpg,③では塩を1つまみくらいいれました。アンチョビの塩分によって変わるので、調整をしてください。 ,0,0,0,0,7,2000-01-01 00:00:00 UTC,2012-06-05 13:22:11 UTC,2012-06-05 13:22:11 UTC
101,1,鮭とほうれんそうの和風グラタン,ホワイトソースに豆腐が入った和風グラタンです。フライパン１つで簡単調理＆オーブンで焼くだけ！あっという間に完成です♪ ,true,recipe.jpg,③では塩を1つまみくらいいれました。アンチョビの塩分によって変わるので、調整をしてください。 ,0,0,0,0,8,2000-01-01 00:00:00 UTC,2012-06-05 13:22:11 UTC,2012-06-05 13:22:11 UTC
102,1,簡単!!鮭のちゃんちゃん焼き ,居酒屋で食べた『ちゃんちゃん焼き』がとても美味しかったので、鮭のアラを使って、再現してみました ,true,recipe.jpg,③では塩を1つまみくらいいれました。アンチョビの塩分によって変わるので、調整をしてください。 ,0,0,0,0,8,2000-01-01 00:00:00 UTC,2012-06-05 13:22:11 UTC,2012-06-05 13:22:11 UTC
103,1,生鮭とホクホクじゃがいものバター醤油炒め,バター醤油炒めに砂糖を少し＾＾　甘しょっぱくてじゃが芋が美味しい♪お弁当にもどうぞ！ 24年1月7日話題入り感謝♪ ,true,recipe.jpg,③では塩を1つまみくらいいれました。アンチョビの塩分によって変わるので、調整をしてください。 ,0,0,0,0,8,2000-01-01 00:00:00 UTC,2012-06-05 13:22:11 UTC,2012-06-05 13:22:11 UTC
104,1,鮭ハンバーグの照りマヨソース。,鮭の切り身をミンチにしてハンバーグに❤甘い照りソースとマヨネーズソースで更に美味しさＵＰです。大成功レシピ☆★☆,true,recipe.jpg,③では塩を1つまみくらいいれました。アンチョビの塩分によって変わるので、調整をしてください。 ,0,0,0,0,8,2000-01-01 00:00:00 UTC,2012-06-05 13:22:11 UTC,2012-06-05 13:22:11 UTC
105,1,鮭のホイル焼き,生鮭ときのこ、ミニトマト、パプリカ♪アルミホイルに包んでオーブンで焼きました♪♪,true,recipe.jpg,③では塩を1つまみくらいいれました。アンチョビの塩分によって変わるので、調整をしてください。 ,0,0,0,0,8,2000-01-01 00:00:00 UTC,2012-06-05 13:22:11 UTC,2012-06-05 13:22:11 UTC
106,1,和風♪鮭ハンバーグ,みそ味とのりで白いご飯にピッタリ。食べやすくて子供もパクパク。,true,recipe.jpg,③では塩を1つまみくらいいれました。アンチョビの塩分によって変わるので、調整をしてください。 ,0,0,0,0,8,2000-01-01 00:00:00 UTC,2012-06-05 13:22:11 UTC,2012-06-05 13:22:11 UTC
107,1,鮭のバター焼き,❀2012/5/10話題入り感謝❀　 オーソドックスな鮭のムニエル♪最後にバターと醤油をたら～でいい香り♪♪ ,true,recipe.jpg,③では塩を1つまみくらいいれました。アンチョビの塩分によって変わるので、調整をしてください。 ,0,0,0,0,8,2000-01-01 00:00:00 UTC,2012-06-05 13:22:11 UTC,2012-06-05 13:22:11 UTC
108,1,子供完食☆鮭マヨ　運動会弁当・お弁当にも,運動会弁当おかずの研究結果。子供の大好きなエビマヨのアレンジ。オイスターソースの隠し味がきいてます！話題入り感謝です！ ,true,recipe.jpg,③では塩を1つまみくらいいれました。アンチョビの塩分によって変わるので、調整をしてください。 ,0,0,0,0,8,2000-01-01 00:00:00 UTC,2012-06-05 13:22:11 UTC,2012-06-05 13:22:11 UTC
109,1,簡単！鮭の味噌マヨ焼き♪ ,あっさり鮭を味噌マヨで　旨～♪ ,true,recipe.jpg,③では塩を1つまみくらいいれました。アンチョビの塩分によって変わるので、調整をしてください。 ,0,0,0,0,8,2000-01-01 00:00:00 UTC,2012-06-05 13:22:11 UTC,2012-06-05 13:22:11 UTC
110,1,みょうがたっぷり！秋鮭のホイル焼き,大量のみょうがが消費できるうえ、旬の鮭が美味しく食べれます♪ ,true,recipe.jpg,③では塩を1つまみくらいいれました。アンチョビの塩分によって変わるので、調整をしてください。 ,0,0,0,0,8,2000-01-01 00:00:00 UTC,2012-06-05 13:22:11 UTC,2012-06-05 13:22:11 UTC
111,1,肉巻きアスパラのヘルシーキムチソースがけ,超簡単！スタミナたっぷり！爽やかでコク深いヘルシーキムチソースで暑い夏でも食がすすみます (*^-^*)ゞ ,true,,"",0,0,0,0,9,2000-01-01 00:00:00 UTC,2012-06-05 13:22:11 UTC,2012-06-05 13:22:11 UTC
112,1,大人気☆豚バラとたまねぎの照り焼き,ごはんが進む一品で、家族やお友達にも 大人気!!! ランチや 熱々ごはんにのっけて、豚丼もおススメです☆ ,true,,"",0,0,0,0,9,2000-01-01 00:00:00 UTC,2012-06-05 13:22:11 UTC,2012-06-05 13:22:11 UTC
113,1,豚バラとかぼちゃのピリ辛炒め ,にんにくをきかせて男子も喜ぶガッツリおかずにしました,true,,"",0,0,0,0,9,2000-01-01 00:00:00 UTC,2012-06-05 13:22:11 UTC,2012-06-05 13:22:11 UTC
114,1,豚バラ肉と卵の煮付け ,男子の心鷲摑みのメニュー ,true,,"",0,0,0,0,9,2000-01-01 00:00:00 UTC,2012-06-05 13:22:11 UTC,2012-06-05 13:22:11 UTC
115,1,豚バラの白菜巻き・牛乳&チーズ煮,白菜と豚肉の相性は確証済であるが、そこに牛乳を加えてシチューに。そして、チーズを融かすとさらにコクが深まりました。,true,,"",0,0,0,0,9,2000-01-01 00:00:00 UTC,2012-06-05 13:22:11 UTC,2012-06-05 13:22:11 UTC
116,1,あと一品！豚バラのネギ巻き♫ ,豚バラでおつまみにもおかずにもなる一品をサッと作ってしまいましょう！,true,,"",0,0,0,0,9,2000-01-01 00:00:00 UTC,2012-06-05 13:22:11 UTC,2012-06-05 13:22:11 UTC
117,1,白菜と豚のミルフィーユ蒸し,しょうがやねぎをたっぷり入れて、重ねて蒸すだけ。体も温まるので、寒い日にはもってこいの一品です♪ ,true,,"",0,0,0,0,9,2000-01-01 00:00:00 UTC,2012-06-05 13:22:11 UTC,2012-06-05 13:22:11 UTC
118,1,豚バラのさっと炒め☆大根おろし和え,豚バラだから美味しい！ちょっとおかずが足りないときにいいかも＊ ,true,,"",0,0,0,0,9,2000-01-01 00:00:00 UTC,2012-06-05 13:22:11 UTC,2012-06-05 13:22:11 UTC
119,1,水不要の簡単肉じゃが ,お水は一切入れません。玉ねぎの水分でほっこりちょっと甘めの肉じゃがの完成です。 ,true,,"",0,0,0,0,9,2000-01-01 00:00:00 UTC,2012-06-05 13:22:11 UTC,2012-06-05 13:22:11 UTC
120,1,簡単！ゆで卵と豚肉と大根の甘辛煮。,つややかな醤油煮卵は、是非ご飯にのせて食べたいものです。勿論そのまま食べても美味しいですよ！ ,true,,"",0,0,0,0,9,2000-01-01 00:00:00 UTC,2012-06-05 13:22:11 UTC,2012-06-05 13:22:11 UTC
121,1,ビールに合う！鶏手羽中の唐揚げ,簡単で醤油の香りがいい唐揚げです。片栗粉と小麦粉でカリッとふわっと揚がります！冷めてもおいしいのでお弁当にもどうぞ。 ,true,,"",0,0,0,0,10,2000-01-01 00:00:00 UTC,2012-06-05 13:22:11 UTC,2012-06-05 13:22:11 UTC
122,1,とろけるお肉✾手羽元と卵のやさしい煮物,お酢を入れてことこと煮るので、とってもジューシーで柔らかいお肉ができあがります！やさしい味にほっとする一品♪大根入りも♡ ,true,,"",0,0,0,0,10,2000-01-01 00:00:00 UTC,2012-06-05 13:22:11 UTC,2012-06-05 13:22:11 UTC
123,1,手羽元の照り炒め煮★塩麹の焼き野菜添え ,ご飯もお酒もどちらもＯＫ♪骨付きお肉をがぶりっと♪♪♪ ,true,,"",0,0,0,0,10,2000-01-01 00:00:00 UTC,2012-06-05 13:22:11 UTC,2012-06-05 13:22:11 UTC
124,1,簡単♪あっさり手羽元(鶏肉)の煮付け ,味付けは『七五三』って覚えなさいと母に教わったレシピです♪作り方も簡単で不器用な私でも上手に出来ます(*^_^*),true,,"",0,0,0,0,10,2000-01-01 00:00:00 UTC,2012-06-05 13:22:11 UTC,2012-06-05 13:22:11 UTC
125,1,旦那大好き☆手羽元のお酢煮,焼くより揚げるより、手羽元はこれが一番ウマイ！と旦那がべた褒めの一品です☆ぷるぷるコラーゲンで私も嬉しい♪ ,true,,"",0,0,0,0,10,2000-01-01 00:00:00 UTC,2012-06-05 13:22:11 UTC,2012-06-05 13:22:11 UTC
126,1,●バンバンジー●,オウチで手軽に本格中華！ タレ、自信作デス(●´ω｀●) これからの季節にぴったりの一品デス☆,true,,"",0,0,0,0,11,2000-01-01 00:00:00 UTC,2012-06-05 13:22:11 UTC,2012-06-05 13:22:11 UTC
127,1,ささみとなすの白だしソテー ,シンプルで簡単！ だけど、ご飯が進む青じそ香る白だしソテー,true,,"",0,0,0,0,11,2000-01-01 00:00:00 UTC,2012-06-05 13:22:11 UTC,2012-06-05 13:22:11 UTC
128,1,ササミのさっぱりみぞれ和え,レンジで酒蒸しにした鶏のササミを使って、大根おろしと和えてさっぱりとした一品を作りました。 ,true,,"",0,0,0,0,11,2000-01-01 00:00:00 UTC,2012-06-05 13:22:11 UTC,2012-06-05 13:22:11 UTC
129,1,ささみと　きゅうりのごまだれ和え ,あっさりとしていますが、味はしっかり。　ダイエット中でも、スポーツをしている人にも、ぴったりの　メニューです。 ,true,,"",0,0,0,0,11,2000-01-01 00:00:00 UTC,2012-06-05 13:22:11 UTC,2012-06-05 13:22:11 UTC
130,1,＊フライパンで簡単！梅ささみフライ＊ ,【2012/2/12話題入り】大感謝♬ 味付けは梅だけ!!! 梅好きさんに大好評なんです♡* 是非お試しあれっ♪ ,true,,"",0,0,0,0,11,2000-01-01 00:00:00 UTC,2012-06-05 13:22:11 UTC,2012-06-05 13:22:11 UTC
131,1,冷えたビールと♪辛うま！汁なし麻婆担々麺 ,うちの旦那様の得意な男の麺。 辛い辛い言いながらビールを流し込みます♪ ,true,,"",0,0,0,0,12,2000-01-01 00:00:00 UTC,2012-06-05 13:22:11 UTC,2012-06-05 13:22:11 UTC
132,1,ソースがうまい☆我が家のハンバーグ,♡話題入り感謝♡ 平凡だけど、このソースが一番手軽で一番美味しいんだよねー。 ,true,,"",0,0,0,0,12,2000-01-01 00:00:00 UTC,2012-06-05 13:22:11 UTC,2012-06-05 13:22:11 UTC
133,1,ビールがススム！味付不要なキムチ餃子 ,キムチを刻んでひき肉と混ぜることで、白菜の面倒な塩もみ＆餃子の味付けを省略！簡単にタネが出来る上、タレも不要です。 ,true,,"",0,0,0,0,12,2000-01-01 00:00:00 UTC,2012-06-05 13:22:11 UTC,2012-06-05 13:22:11 UTC
134,1,鶏団子のケチャップあんかけ ,鶏団子は揚げずにゆで、ノンオイルであっさりとした鶏団子のあんかけに仕上げました。お弁当にもどうぞ！,true,,"",0,0,0,0,12,2000-01-01 00:00:00 UTC,2012-06-05 13:22:11 UTC,2012-06-05 13:22:11 UTC
135,1,ピーマンの肉詰めの甘酢あんかけ♪,ピーマン嫌いの方も食べやすいお肉たっぷりのピーマンの肉詰めです。【2008/9/27】材料・作り方若干変更しました。 ,true,,"",0,0,0,0,12,2000-01-01 00:00:00 UTC,2012-06-05 13:22:11 UTC,2012-06-05 13:22:11 UTC
136,1,一番簡単★チンジャオロース ,100レポ達成ありがとう！ 節約★豚こまで工程２つの楽ちんレシピ！ だけどしっかりチンジャオロース！ ,true,,"",0,0,0,0,13,2000-01-01 00:00:00 UTC,2012-06-05 13:22:11 UTC,2012-06-05 13:22:11 UTC
137,1,我が家の回鍋肉 ,家にある調味料でさっと作れる回鍋肉です。 子供も食べやすい味付けにしてあります。,true,,"",0,0,0,0,13,2000-01-01 00:00:00 UTC,2012-06-05 13:22:11 UTC,2012-06-05 13:22:11 UTC
138,1,豚肉の肉じゃが　～母の味～ ,お家の味といえばやっぱり肉じゃが♪じゃがいもが苦手な主人が一口食べて「うまい！」って言ってくれました！,true,,"",0,0,0,0,13,2000-01-01 00:00:00 UTC,2012-06-05 13:22:11 UTC,2012-06-05 13:22:11 UTC
139,1,ご飯が進む♪かぶと豚肉の炒め煮,旬のかぶを使って♪ご飯が進む１品です！ 旦那さんも大好きなお料理です！ ,true,,"",0,0,0,0,13,2000-01-01 00:00:00 UTC,2012-06-05 13:22:11 UTC,2012-06-05 13:22:11 UTC
140,1,豚コマ肉でポークチャップ丼 ,みんな大好きケチャップ味をフライパン一つでササッと♪ 豚こま肉に片栗粉をまぶす一手間で、タレが絡みとろ～り丼にピッタリ。 ,true,,"",0,0,0,0,13,2000-01-01 00:00:00 UTC,2012-06-05 13:22:11 UTC,2012-06-05 13:22:11 UTC
141,1,一番簡単★チンジャオロース ,100レポ達成ありがとう！ 節約★豚こまで工程２つの楽ちんレシピ！ だけどしっかりチンジャオロース！ ,true,,"",0,0,0,0,14,2000-01-01 00:00:00 UTC,2012-06-05 13:22:11 UTC,2012-06-05 13:22:11 UTC
142,1,我が家の回鍋肉 ,家にある調味料でさっと作れる回鍋肉です。 子供も食べやすい味付けにしてあります。 ,true,,"",0,0,0,0,14,2000-01-01 00:00:00 UTC,2012-06-05 13:22:11 UTC,2012-06-05 13:22:11 UTC
143,1,豚肉の肉じゃが　～母の味～ ,お家の味といえばやっぱり肉じゃが♪じゃがいもが苦手な主人が一口食べて「うまい！」って言ってくれました！ ,true,,"",0,0,0,0,14,2000-01-01 00:00:00 UTC,2012-06-05 13:22:11 UTC,2012-06-05 13:22:11 UTC
144,1,あっさり♪エビマヨ ,揚げないので、あっさり。 簡単。。,true,,"",0,0,0,0,16,2000-01-01 00:00:00 UTC,2012-06-05 13:22:11 UTC,2012-06-05 13:22:11 UTC
145,1,おうちのエビチリ♪  ,たまねぎとえびがあれば、おうち風エビチリ♪,true,,"",0,0,0,0,16,2000-01-01 00:00:00 UTC,2012-06-05 13:22:11 UTC,2012-06-05 13:22:11 UTC
146,1,ウチの定番・エビチリ（カサ増し）。 ,レンコンでカサ増しのエビチリです。 エビの風味を邪魔しない、レンコンとは好相性。材料多いですが、簡単ですよ！ ,true,,"",0,0,0,0,16,2000-01-01 00:00:00 UTC,2012-06-05 13:22:11 UTC,2012-06-05 13:22:11 UTC
147,1,イカとじゃが芋のにんにくレモンバター炒め ,サッパリと☆でも、コクもあって美味しく簡単に出来るメニューです(＾−＾) 2012･04･07＊話題入り感謝です☆★☆★,true,,"",0,0,0,0,17,2000-01-01 00:00:00 UTC,2012-06-05 13:22:11 UTC,2012-06-05 13:22:11 UTC
148,1,イカの照りテリ焼き ,こってり甘辛でご飯にもお酒にもピッタリです♪2012/4/13話題入り(*^^*)作って頂いた皆様ありがとうございます♬ ,true,,"",0,0,0,0,17,2000-01-01 00:00:00 UTC,2012-06-05 13:22:11 UTC,2012-06-05 13:22:11 UTC
149,1,豆イカで～大根とイカの煮物,大根と一緒に煮ると かたくならないですよね～イカ～って♪ 煮汁をたっぷり含んだ美味しい煮物です ,true,,"",0,0,0,0,17,2000-01-01 00:00:00 UTC,2012-06-05 13:22:11 UTC,2012-06-05 13:22:11 UTC
150,1,鯖のケチャップ焼き♡ ,鯖を甘酸っぱいケチャップ味にしました♪ お子様にも食べ易い味付けです♡ お弁当にもΣd(ゝ∀･)good!!! ,true,,"",0,0,0,0,19,2000-01-01 00:00:00 UTC,2012-06-05 13:22:11 UTC,2012-06-05 13:22:11 UTC
151,1,☆和食の基本☆さば味噌 ,味噌と生姜で臭みもなくおいしく仕上がります。 ,true,,"",0,0,0,0,19,2000-01-01 00:00:00 UTC,2012-06-05 13:22:11 UTC,2012-06-05 13:22:11 UTC
152,1,皮も美味しい☆鯖の竜田～辛子醤油風～ ,辛子が鯖の臭みを消してくれ、とっても香ばしい一品です♪辛くないのでお子様も食べられます☆ご飯、お酒がすすみます♪,true,,"",0,0,0,0,19,2000-01-01 00:00:00 UTC,2012-06-05 13:22:11 UTC,2012-06-05 13:22:11 UTC
153,1,骨無し！鯵の南蛮漬け☆ ,骨いっさいOFFなので子供もぱくぱく食べれます♪ 2011/6/9　ピックアップレシピになりました♪ ,true,,"",0,0,0,0,18,2000-01-01 00:00:00 UTC,2012-06-05 13:22:11 UTC,2012-06-05 13:22:11 UTC
154,1,小アジのオリーブオイル煮,オイルサーディンのアジ版です。放っとけば出来上がる簡単レシピ^^ イタリアの白ワインとご一緒に♬♪ ,true,,"",0,0,0,0,18,2000-01-01 00:00:00 UTC,2012-06-05 13:22:11 UTC,2012-06-05 13:22:11 UTC
155,1,アジのなめろう,薬味たっぷり、なめらか~なお酒のあてにも白いご飯にもピッタリ！のなめろうです。 ,true,,"",0,0,0,0,18,2000-01-01 00:00:00 UTC,2012-06-05 13:22:11 UTC,2012-06-05 13:22:11 UTC
156,1,イワシの蒲焼丼♪ ,お手頃イワシにボリュームを出しちゃいましょう☆ ,true,,"",2,0,0,0,22,2000-01-01 00:00:00 UTC,2012-06-05 13:22:11 UTC,2012-07-11 00:47:28 UTC
157,1,圧力鍋で骨まで食べれる☆いわしの梅干し煮,いわしは骨が多く食べるには・所が圧力鍋で調理をすると骨まで食べられますよ☆梅干しと一緒に煮ることで臭みもなく美味しいです,true,,"",1,0,0,0,22,2000-01-01 00:00:00 UTC,2012-06-05 13:22:11 UTC,2012-07-11 00:49:00 UTC
158,1,いわしの梅しそ巻き焼き,油で揚げないから簡単で早いのだ！素材を生かしたサッパリ味でごはんがすすみます。アジでもサンマでも代用可。おつまみにも♡,true,,"",0,0,0,0,22,2000-01-01 00:00:00 UTC,2012-06-05 13:22:11 UTC,2012-06-05 13:22:11 UTC
159,1,小松菜シメジとシーチキンの醤油炒め,野菜ときのこにシーチキンの水煮、10分で作れる低カロリーで栄養バランスが最高なレシピーです☆ ,true,,"",0,0,0,0,22,2000-01-01 00:00:00 UTC,2012-06-05 13:22:11 UTC,2012-06-05 13:22:11 UTC
160,1,ツナとほうれん草の納豆和え。 ,ねばふわとろ～。栄養価の高い副菜です。,true,,"",0,0,0,0,22,2000-01-01 00:00:00 UTC,2012-06-05 13:22:11 UTC,2012-06-05 13:22:11 UTC
161,1,✽なすの甘辛ツナ炒め♬ごはんのおともに✽ ,とっても簡単～ツナ缶の油を使って♬ ぱぱっとできちゃいます！ 2011.9.17 祝話題入り♥ 写真・レシピ内容　変更 ,true,,"",0,0,0,0,22,2000-01-01 00:00:00 UTC,2012-06-05 13:22:11 UTC,2012-06-05 13:22:11 UTC
162,1,鰤の照り焼き,タレが甘辛いので、しっかり、ご飯が進みます！！。ちなみに、お皿は、旦那様の手作りのお皿～です,true,,"",0,0,0,0,22,2000-01-01 00:00:00 UTC,2012-06-05 13:22:11 UTC,2012-06-05 13:22:11 UTC
163,1,♪簡単♡ぶりの煮付け♪  ,煮付けるとぶりの身がとろけます～❤ 2012/04/13話題入り感謝です♬,true,,"",0,0,0,0,22,2000-01-01 00:00:00 UTC,2012-06-05 13:22:11 UTC,2012-06-05 13:22:11 UTC
164,1,ゆずの香りのぶり照焼 ,ゆずの果汁をたれに使ったぶりの照焼です。 冬が旬のぶりとゆず。相性ばっちりです！,true,,"",0,0,0,0,22,2000-01-01 00:00:00 UTC,2012-06-05 13:22:11 UTC,2012-06-05 13:22:11 UTC
165,1,かじきとアスパラのトマト炒め,ご飯にもお酒にも合う一品です。にんにくの香りがたまりません☆,true,,"",0,0,0,0,22,2000-01-01 00:00:00 UTC,2012-06-05 13:22:11 UTC,2012-06-05 13:22:11 UTC
166,1,かつおのたたき～生姜みぞれかけ～ ,今日はかつおのたたき♪たっぷりの大根おろしとネギと生姜を柚子の利いたこのポン酢で食べよう！,true,,"",0,0,0,0,22,2000-01-01 00:00:00 UTC,2012-06-05 13:22:11 UTC,2012-06-05 13:22:11 UTC
167,1,タラのフライタルタルソースかけお弁当にも ,ふわふわサクサクのタラに大量のタルタルソース最高です！！ ,true,,"",0,0,0,0,22,2000-01-01 00:00:00 UTC,2012-06-05 13:22:11 UTC,2012-06-05 13:22:11 UTC
168,1,タラのムニエル～タルタルソース添え✿ ,白身魚のムニエルに手作りタルタルソースを添えて。濃厚バターとあっさりめのタルタルが合います✿2012.4.5話題入り♡ ,true,,"",0,0,0,0,22,2000-01-01 00:00:00 UTC,2012-06-05 13:22:11 UTC,2012-06-05 13:22:11 UTC
169,1,鱈のムニエルと愉快なパプリカ達！,鱈のムニエルをパプリカを添えて彩り鮮やかに料理しました。人気カテゴリに掲載して頂きありがとうございました。感謝です！ ,true,,"",0,0,0,0,22,2000-01-01 00:00:00 UTC,2012-06-05 13:22:11 UTC,2012-06-05 13:22:11 UTC
170,1,ランチもがっつり！＊豚バラコロコロ丼＊,ウスターソースを使ってちょっと酸味のある味に☆卵を絡めてがっつりいただきます〜♬,true,,"",0,0,0,0,24,2000-01-01 00:00:00 UTC,2012-06-05 13:22:11 UTC,2012-06-05 13:22:11 UTC
171,1,八宝菜 ,八宝菜は材料だけ用意したら、あとは簡単！冷蔵庫にあるものでいいんです♪ ,true,,"",0,0,0,0,24,2000-01-01 00:00:00 UTC,2012-06-05 13:22:11 UTC,2012-06-05 13:22:11 UTC
172,1,タレが決め手！野菜たっぷり豚丼♪,2012.4.18話題入り感謝♪甘辛旨ダレで、野菜もモリモリ食べられるジューシー豚丼♪すぐ出来て簡単です！,true,,"",0,0,0,0,24,2000-01-01 00:00:00 UTC,2012-06-05 13:22:11 UTC,2012-06-05 13:22:11 UTC
173,1,バターキーマカレー（鶏ひき肉・スパイス） ,家にいながらにして、スパイスの香り漂ううまいインドカレーを食べよう♪トマトたくさん入ってます。 ,true,,"",0,0,0,0,25,2000-01-01 00:00:00 UTC,2012-06-05 13:22:11 UTC,2012-06-05 13:22:11 UTC
174,1,簡単でおいしい☆ドライカレー ,煮込む時間がほとんどいらないのでパパッと簡単に出来ちゃう☆ ,true,,"",0,0,0,0,25,2000-01-01 00:00:00 UTC,2012-06-05 13:22:11 UTC,2012-06-05 13:22:11 UTC
175,1,☆バターチキンカレー☆ ,材料が多く難しそうに見えますが、作ってみるととっても簡単♪ おもてなしに最適です。 ご飯にもパンにも合います♡,true,,"",0,0,0,0,25,2000-01-01 00:00:00 UTC,2012-06-05 13:22:11 UTC,2012-06-05 13:22:11 UTC
176,1,ランチもがっつり！＊豚バラコロコロ丼＊,ウスターソースを使ってちょっと酸味のある味に☆卵を絡めてがっつりいただきます〜♬,true,,"",0,0,0,0,24,2000-01-01 00:00:00 UTC,2012-06-05 13:22:11 UTC,2012-06-05 13:22:11 UTC
177,1,タレが決め手！野菜たっぷり豚丼♪ ,2012.4.18話題入り感謝♪甘辛旨ダレで、野菜もモリモリ食べられるジューシー豚丼♪すぐ出来て簡単です！ ,true,,"",0,0,0,0,24,2000-01-01 00:00:00 UTC,2012-06-05 13:22:11 UTC,2012-06-05 13:22:11 UTC
178,1,簡単！アボガドビビンバ丼 ,ナムルを用意する必要なし！ほとんど家に常備している食材で作れますよ(^0^)米印の食材はお好みで入れて下さい！ ,true,,"",0,0,0,0,24,2000-01-01 00:00:00 UTC,2012-06-05 13:22:11 UTC,2012-06-05 13:22:11 UTC
179,1,☆鍋の残りできのこと鶏肉の炊き込みご飯☆ ,鍋をした残りのシイタケやエノキを利用して炊き込みご飯！ 白菜でスープを作ったら片付きます！ ,true,,"",0,0,0,0,26,2000-01-01 00:00:00 UTC,2012-06-05 13:22:11 UTC,2012-06-05 13:22:11 UTC
180,1,竹の子ご飯,旬の素材を生かして♪お手軽シンプルなのに美味しい＾＾,true,,"",0,0,0,0,26,2000-01-01 00:00:00 UTC,2012-06-05 13:22:11 UTC,2012-06-05 13:22:11 UTC
181,1,うどの炊き込みご飯 ,おすすめ！春らしい炊き込みご飯。うどが苦手な人もこれなら大丈夫。 ,true,,"",0,0,0,0,26,2000-01-01 00:00:00 UTC,2012-06-05 13:22:11 UTC,2012-06-05 13:22:11 UTC
182,1,豚・ねぎ・卵のおいしいパラパラ炒飯,2012.1.3話題入り！みなさんありがとう☆ ３つのポイントでパラパラおいしい炒飯のできあがり♪,true,,"",0,0,0,0,26,2000-01-01 00:00:00 UTC,2012-06-05 13:22:11 UTC,2012-06-05 13:22:11 UTC
183,1,ｶﾆとﾚﾀｽのあんかけﾁｬｰﾊﾝ ,ｶﾆといってもｶﾆかまぼこですが。。。冷ご飯消費ﾚｼﾋﾟ！トロっとして食べやすく優しい味の炒飯です,true,,"",0,0,0,0,26,2000-01-01 00:00:00 UTC,2012-06-05 13:22:11 UTC,2012-06-05 13:22:11 UTC
184,1,すぐ出来！めちゃ旨！ツナキムチチャーハン,キムチには魚介の旨味が合います！洗い物も少なく、すぐに出来るのでランチにいかがですか♪ ,true,,"",0,0,0,0,26,2000-01-01 00:00:00 UTC,2012-06-05 13:22:11 UTC,2012-06-05 13:22:11 UTC
185,1,サーモンとポテトのキュウリ巻き一口サラダ ,祝！100人の方に作っていただきました♪マッシュポテトをキュウリで巻いてサーモンをのせた見た目も可愛いサラダです！ ,true,,"",0,0,0,0,40,2000-01-01 00:00:00 UTC,2012-06-05 13:22:11 UTC,2012-06-05 13:22:11 UTC
186,1,☆アンチョビポテトサラダ ,★09-9-18⑰＋10話題入り★アンチョビとポテトをあわせるだけ、簡単ポテトサラダ。つまみにもパーティーにも。 ,true,,"",0,0,0,0,40,2000-01-01 00:00:00 UTC,2012-06-05 13:22:11 UTC,2012-06-05 13:22:11 UTC
187,1,フライドオニオンで！？ポテトサラダ☆ ,たまねぎのかわりにフライドオニオンを使用(*^^)v　香ばしく甘いフライドオニオンとコーンがポテトサラダと相性抜群！,true,,"",0,0,0,0,40,2000-01-01 00:00:00 UTC,2012-06-05 13:22:11 UTC,2012-06-05 13:22:11 UTC
188,1,水菜とパリパリ油揚げのサラダ ,カリカリに焼いたコクのある油揚げがさっぱりした水菜にぴったりです。 ぜひ、試してみてください＾＾ ,true,,"",0,0,0,0,41,2000-01-01 00:00:00 UTC,2012-06-05 13:22:11 UTC,2012-06-05 13:22:11 UTC
189,1,簡単シンプル大根サラダ ,ポン酢とごま油をかけるだけの簡単大根サラダです。 ,true,,"",0,0,0,0,41,2000-01-01 00:00:00 UTC,2012-06-05 13:22:11 UTC,2012-06-05 13:22:11 UTC
190,1,梅ツナごま❤和風パスタサラダ ,2012.05.28話題入り感謝♪さっぱりした和風な味つけのパスタサラダです。お好きな野菜をいれて作ってね。,true,,"",0,0,0,0,41,2000-01-01 00:00:00 UTC,2012-06-05 13:22:11 UTC,2012-06-05 13:22:11 UTC
191,1,白ワインにあう、アボカドと水菜のサラダ,さっぱり食べ応えのあるサラダです,true,,"",0,0,0,0,43,2000-01-01 00:00:00 UTC,2012-06-05 13:22:11 UTC,2012-06-05 13:22:11 UTC
192,1,新たまねぎとお豆のサラダ♫,旬の新玉葱にお豆で簡単デリ風サラダに♫ ✿H24.4.16話題入り♫感謝☆,true,,"",0,0,0,0,43,2000-01-01 00:00:00 UTC,2012-06-05 13:22:11 UTC,2012-06-05 13:22:11 UTC
193,1,大ヒット！グリーンピースサラダ,このサラダはポットラックパーティーによく作りますがいつも絶対大ヒット。グリーンピース嫌いな人もこれなら大好き。 ,true,,"",0,0,0,0,43,2000-01-01 00:00:00 UTC,2012-06-05 13:22:11 UTC,2012-06-05 13:22:11 UTC
194,1,夏バテ解消❤♡トマト＆お豆腐サラダ♡❤,大好きなトマトとお豆腐サラダ♡ 食欲の無い時でもこれだけで栄養満点です(✿ฺ◕ฺ‿ฺ◡ฺ)♬ ,true,,"",0,0,0,0,42,2000-01-01 00:00:00 UTC,2012-06-05 13:22:11 UTC,2012-06-05 13:22:11 UTC
195,1,大人なトマトサラダ ,ちゃちゃっと出来て、お酒がすすむトマトです！ ,true,,"",0,0,0,0,42,2000-01-01 00:00:00 UTC,2012-06-05 13:22:11 UTC,2012-06-05 13:22:11 UTC
196,1,何とも云えぬ美味しさ♡トマトサラダ,我が家では絶品扱いのトマトサラダです♡ 是非お試しを♪,true,,"",0,0,0,0,42,2000-01-01 00:00:00 UTC,2012-06-05 13:22:11 UTC,2012-06-05 13:22:11 UTC
197,1,豆腐ときゅうりの梅ごまサラダ ,ささっともう一品作りたいときにオススメ♪ 混ぜるだけで簡単！,true,,"",0,0,0,0,44,2000-01-01 00:00:00 UTC,2012-06-05 13:22:11 UTC,2012-06-05 13:22:11 UTC
198,1,夏バテ解消❤♡トマト＆お豆腐サラダ♡❤ ,大好きなトマトとお豆腐サラダ♡ 食欲の無い時でもこれだけで栄養満点です(✿ฺ◕ฺ‿ฺ◡ฺ)♬ ,true,,"",0,0,0,0,44,2000-01-01 00:00:00 UTC,2012-06-05 13:22:11 UTC,2012-06-05 13:22:11 UTC
199,1,豆腐とトマトが美味しいアンチョビのソース,美味しさの秘密は、お醤油とアンチョビとオリーブ油で作ったドレッシングです。あとは簡単！ ,true,,"",0,0,0,0,44,2000-01-01 00:00:00 UTC,2012-06-05 13:22:11 UTC,2012-06-05 13:22:11 UTC
200,1,ワンタンの皮スープ,★★★人気検索ありがとう★★★カテゴリ掲載ありがとう★★★ 余ったワンタンの皮でとろとろスープ。簡単で温まる〜。,true,,"",0,0,0,0,45,2000-01-01 00:00:00 UTC,2012-06-17 06:19:46 UTC,2012-06-17 06:19:46 UTC
201,1,わかめと卵のスープ,★★★カテゴリ掲載ありがとう★★★ すぐできるお手軽中華スープです。 ,true,,"",0,0,0,0,45,2000-01-01 00:00:00 UTC,2012-06-17 06:19:46 UTC,2012-06-17 06:19:46 UTC
202,1,豆腐となめこと長ねぎの中華スープ ,ほっこりおいしい中華スープ♪　なめこと白ネギで、自然なとろみがつきます。ごま油の香りもおいしい♪,true,,"",0,0,0,0,45,2000-01-01 00:00:00 UTC,2012-06-17 06:19:46 UTC,2012-06-17 06:19:46 UTC
203,1,白菜とツナのお味噌汁 ,ツナ好きさんはぜひお試しを♪ ツナのだしがおいしいお味噌汁です！ ,true,,"",0,0,0,0,46,2000-01-01 00:00:00 UTC,2012-06-17 06:19:46 UTC,2012-06-17 06:19:46 UTC
204,1,キャベツとワカメの味噌汁♪ ,キャベツとワカメの組み合わせが大好きで、 レシピとはいえないかもしれませんが、 ぜひこの組み合わせ試してみてください☆ ,true,,"",0,0,0,0,46,2000-01-01 00:00:00 UTC,2012-06-17 06:19:46 UTC,2012-06-17 06:19:46 UTC
205,1,豚とサツマイモの塩麹味噌汁 ,おさつ芋の甘く優しい塩麹のみそ汁。 豚も入れると食べるおかずみそ汁になりますよ♪,true,,"",0,0,0,0,46,2000-01-01 00:00:00 UTC,2012-06-17 06:19:46 UTC,2012-06-17 06:19:46 UTC
206,1,具だくさん♡キャベツと卵のやさしいスープ ,材料3つでとっても簡単☆ キャベツたっぷりでやさしいコンソメ味のスープです(*^。^*) ,true,,"",0,0,0,0,47,2000-01-01 00:00:00 UTC,2012-06-17 06:19:46 UTC,2012-06-17 06:19:46 UTC
207,1,野菜のコンソメスープ ,★★★話題入りありがとう★★★人気検索ありがとう★★★ 簡単にすぐ作れるスープです。,true,,"",0,0,0,0,47,2000-01-01 00:00:00 UTC,2012-06-17 06:19:46 UTC,2012-06-17 06:19:46 UTC
208,1,丸ごと♪新玉ねぎのコンソメスープ♪,新たまねぎをまるごと１つ入れた贅沢スープです♪玉ねぎの甘みが美味しい❤ 簡単に作れるヘルシースープです♪ ,true,,"",0,0,0,0,47,2000-01-01 00:00:00 UTC,2012-06-17 06:19:46 UTC,2012-06-17 06:19:46 UTC
209,1,我が家流★野菜がとろけるラタトゥイユ ,そのままで食べてもよし、ソースのように食べてもよしの万能常備菜です！コンソメとトマトでひたすら煮込むだけの簡単さ！ ,true,,"",0,0,0,0,48,2000-01-01 00:00:00 UTC,2012-06-17 06:19:46 UTC,2012-06-17 06:19:46 UTC
210,1,瓜を使ってラタトゥイユ～♪ ,安価な瓜を使ったラタトゥイユです。ジャガイモ・人参も使いボリューム満天です。温かくても冷やしても美味しい一品です。,true,,"",0,0,0,0,48,2000-01-01 00:00:00 UTC,2012-06-17 06:19:46 UTC,2012-06-17 06:19:46 UTC
211,1,我が家の簡単・基本のラタトゥイユ,夏はすぐそこ! 冷たくてもさっぱり美味しいラタトゥイユです^^ 野菜はお好きなものをいれて☆ 7/20改正 ,true,,"",0,0,0,0,48,2000-01-01 00:00:00 UTC,2012-06-17 06:19:46 UTC,2012-06-17 06:19:46 UTC
212,1,夏に♪トマトとレタスの冷たいスープ☆☆ ,シャキシャキレタスがとても美味しいです。 トマトのリコピン効果でシミ予防にもなりますよ～☆ ,true,,"",0,0,0,0,48,2000-01-01 00:00:00 UTC,2012-06-17 06:19:46 UTC,2012-06-17 06:19:46 UTC
213,1,トマトの冷たいスープ　トマトスープ ,トマトは、冷蔵庫に入れてはいけません。お陽さまにじゅうぶん当ててあげて真っ赤に熟すまで待ちましょう。素敵なスープに変身♪ ,true,,"",0,0,0,0,48,2000-01-01 00:00:00 UTC,2012-06-17 06:19:46 UTC,2012-06-17 06:19:46 UTC
214,1,ベーコンとレタスの美人トマトスープ♥ ,ビタミンCたっぷりのレタスとカロテンが多く含まれる完熟トマトを使った身体に優しいスープです♪旬のレタスの香りがGOOD！ ,true,,"",0,0,0,0,48,2000-01-01 00:00:00 UTC,2012-06-17 06:19:46 UTC,2012-06-17 06:19:46 UTC
215,1,カレー粉でおいしい♡ミネストローネ ,ほんのちょっとのカレー粉で、いつものミネストローネがもっとおいしくなります。 ,true,,"",0,0,0,0,49,2000-01-01 00:00:00 UTC,2012-06-17 06:19:46 UTC,2012-06-17 06:19:46 UTC
216,1,身体に優しい♡野菜たっぷり食べるスープ♪,油は使わずたくさんのお野菜から栄養分も摂れてしかもお腹が一杯になるヘルシーなスープです☆ 作り方も簡単ですよ～♪ ,true,,"",0,0,0,0,49,2000-01-01 00:00:00 UTC,2012-06-17 06:19:46 UTC,2012-06-17 06:19:46 UTC
217,1,トマト缶とひよこ豆のミネストローネ,トマト缶を使って簡単にできる、ひよこ豆のミネストローネスープです。ひよこ豆のほくほくした食感がよいですよ。 ,true,,"",0,0,0,0,49,2000-01-01 00:00:00 UTC,2012-06-17 06:19:46 UTC,2012-06-17 06:19:46 UTC
218,1,ブロッコリーとベーコンのスペインオムレツ ,ブロッコリーとベーコンというシンプルな具ですが、おいしくできて気に入りました。ブロッコリーの歯触り（？）がイイ感じです。 ,true,,"",0,0,0,0,51,2000-01-01 00:00:00 UTC,2012-06-17 06:19:46 UTC,2012-06-17 06:19:46 UTC
219,1,ほうれん草とトマトチーズの洋風卵とじ,2012.5.18話題入り！彩りが綺麗な洋風アレンジしたキッシュ風の卵とじ♪ジューシートマト＆とろ～りチーズが最高❤ ,true,,"",0,0,0,0,51,2000-01-01 00:00:00 UTC,2012-06-17 06:19:46 UTC,2012-06-17 06:19:46 UTC
220,1,豆腐ときのことほうれんそうの卵とじ,卵と豆腐がきのことほうれん草をうまい具合にまとめてくれる簡単料理です ,true,,"",0,0,0,0,51,2000-01-01 00:00:00 UTC,2012-06-17 06:19:46 UTC,2012-06-17 06:19:46 UTC
221,1,♥とろ～り優しい♥豆腐の鶏そぼろあんかけ ,♥100人感謝♥つるんとのどごしのいいお豆腐に、挽き肉入りのあんかけをのせました。とろ～りあんかけが優しく嬉しい一品です ,true,,"",0,0,0,0,52,2000-01-01 00:00:00 UTC,2012-06-17 06:19:46 UTC,2012-06-17 06:19:46 UTC
222,1,冷凍豆腐で♬肉巻き豆腐ステーキ♥,冷凍豆腐は扱いやすい！味が染みやすい！ヘルシー！食べ応え抜群♥しょうが焼き味で家族も大喜び♪ボリューム満点おかずです★ ,true,,"",0,0,0,0,52,2000-01-01 00:00:00 UTC,2012-06-17 06:19:46 UTC,2012-06-17 06:19:46 UTC
223,1,具だくさん！ヘルシー麻婆豆腐 ,野菜がたっぷり入った、ヘルシーで具だくさんの麻婆豆腐。絹ごし豆腐を使って、フワフワで滑らかな食感に仕上げました。。。 ,true,,"",0,0,0,0,52,2000-01-01 00:00:00 UTC,2012-06-17 06:19:46 UTC,2012-06-17 06:19:46 UTC
224,1,★我が家の定番★おから＆豆腐のサラダ,我が家の定番、おからサラダ♪豆腐＋マヨソースでしっとりしているのでポテサラ感覚でたくさん食べれます♡ ,true,,"",0,0,0,0,53,2000-01-01 00:00:00 UTC,2012-06-17 06:19:46 UTC,2012-06-17 06:19:46 UTC
225,1,おから椎茸ハンバーグ ,おからと椎茸でデトックス！！,true,,"",0,0,0,0,53,2000-01-01 00:00:00 UTC,2012-06-17 06:19:46 UTC,2012-06-17 06:19:46 UTC
226,1,おからのもっちり♪おやき ,モチモチ食感で子供も喜んで食べるヘルシーなおやきです♪おやつにもどうぞ❤ 2011・11・24話題入り感謝！,true,,"",0,0,0,0,53,2000-01-01 00:00:00 UTC,2012-06-17 06:19:46 UTC,2012-06-17 06:19:46 UTC
227,1,ほうれん草とトマトチーズの洋風卵とじ,2012.5.18話題入り！彩りが綺麗な洋風アレンジしたキッシュ風の卵とじ♪ジューシートマト＆とろ～りチーズが最高❤ ,true,,"",0,0,0,0,54,2000-01-01 00:00:00 UTC,2012-06-17 06:19:46 UTC,2012-06-17 06:19:46 UTC
228,1,豆腐ときのことほうれんそうの卵とじ ,卵と豆腐がきのことほうれん草をうまい具合にまとめてくれる簡単料理です ,true,,"",0,0,0,0,54,2000-01-01 00:00:00 UTC,2012-06-17 06:19:46 UTC,2012-06-17 06:19:46 UTC
229,1,♪簡単たまごむし♪ ,材料これだけで美味しくできるよ！ ,true,,"",0,0,0,0,54,2000-01-01 00:00:00 UTC,2012-06-17 06:19:46 UTC,2012-06-17 06:19:46 UTC
230,1,酒のつまみ♪燃える！ガーリックこんにゃく,【０９.４.１ 話題入り】 にんにくの香り！唐辛子の辛さ！ 酒のつまみに持ってこいです♪ ,true,,"",0,0,0,0,55,2000-01-01 00:00:00 UTC,2012-06-17 06:19:46 UTC,2012-06-17 06:19:46 UTC
231,1,超簡単★冷してこんにゃく　おつまみ ,さっばりと食べやすいこんにゃくのお摘み★☆ ,true,,"",0,0,0,0,55,2000-01-01 00:00:00 UTC,2012-06-17 06:19:46 UTC,2012-06-17 06:19:46 UTC
232,1,激ウマ！超ヘルシー！こんにゃくステーキ ,油を使わず焼きます♪えのきソースにはほんの少しのゴマ油。美味しさの秘訣はガーリック♪食べ出したら止まらない！！,true,,"",0,0,0,0,55,2000-01-01 00:00:00 UTC,2012-06-17 06:19:46 UTC,2012-06-17 06:19:46 UTC
233,1,生姜で温まる★白菜とろ～り春雨のスープ ,白菜が美味しい時期、具だくさんのスープを作りたい時などに重宝する簡単レシピ。 肉団子は冷凍品などを使ってもＯＫ！ ,true,,"",0,0,0,0,59,2000-01-01 00:00:00 UTC,2012-06-17 06:19:46 UTC,2012-06-17 06:19:46 UTC
234,1,カニカマと春雨のエスニックサラダ ,安価なカニカマで、春雨のエスニックサラダを！　すっきりしたサラダは、肉料理や揚げ物にピッタリです♪ ,true,,"",0,0,0,0,59,2000-01-01 00:00:00 UTC,2012-06-17 06:19:46 UTC,2012-06-17 06:19:46 UTC
235,1,お弁当にも！春雨のレモンペッパー風味。,オリーブオイルを使ってパスタ風の味付けにしています。レモンの酸味がほどよく効いて美味しい！ ,true,,"",0,0,0,0,59,2000-01-01 00:00:00 UTC,2012-06-17 06:19:46 UTC,2012-06-17 06:19:46 UTC
236,1,∮切干とさやえんどうの黒コショウ炒め∮ ,にんにくを利かせた簡単炒め✰彡 切干の甘みに黒コショウで(｡￫‿◕｡)✿♦♫ ,true,,"",0,0,0,0,56,2000-01-01 00:00:00 UTC,2012-06-17 06:19:46 UTC,2012-06-17 06:19:46 UTC
237,1,切り干し大根が好きになる♬家の味,しらたき入れるとおいしいんです！ 2011/12/2話題入り感謝❤ ,true,,"",0,0,0,0,56,2000-01-01 00:00:00 UTC,2012-06-17 06:19:46 UTC,2012-06-17 06:19:46 UTC
238,1,∮ 切干大根とザーサイの炒め煮 ∮ ,甘みたっぷり切干のお出汁で簡単炒め煮♬ ラー油を利かせて(｡￫‿◕｡)✿♦♫ ,true,,"",0,0,0,0,56,2000-01-01 00:00:00 UTC,2012-06-17 06:19:46 UTC,2012-06-17 06:19:46 UTC
