id,user_profile_id,nickname,sex,first_name,family_name,blood_type,birthday,email,postcode,address,address_point,comment,created_at,updated_at
1,1,true,true,true,true,true,true,true,true,true,true,true,2012-06-18 15:16:43 UTC,2012-06-18 15:16:43 UTC
2,2,true,true,true,true,true,true,true,true,true,true,true,2012-06-18 15:16:43 UTC,2012-06-18 15:16:43 UTC
3,3,true,true,true,true,true,true,true,true,true,true,true,2012-06-18 15:16:43 UTC,2012-06-18 15:16:43 UTC
4,4,true,true,true,true,true,true,true,true,true,true,true,2012-06-18 15:16:43 UTC,2012-06-18 15:16:43 UTC
5,5,true,true,true,true,true,true,true,true,true,true,true,2012-06-18 15:16:43 UTC,2012-06-18 15:16:43 UTC
6,6,true,true,true,true,true,true,true,true,true,true,true,2012-06-18 15:16:43 UTC,2012-06-18 15:16:43 UTC
7,7,true,true,true,true,true,true,true,true,true,true,true,2012-06-18 15:16:43 UTC,2012-06-18 15:16:43 UTC
8,8,true,true,true,true,true,true,true,true,true,true,true,2012-06-18 15:16:43 UTC,2012-06-18 15:16:43 UTC
9,9,true,true,true,true,true,true,true,true,true,true,true,2012-06-18 15:16:43 UTC,2012-06-18 15:16:43 UTC
10,10,true,true,true,true,true,true,true,true,true,true,true,2012-06-18 15:16:43 UTC,2012-06-18 15:16:43 UTC
11,11,true,true,true,true,true,true,true,true,true,true,true,2012-06-18 15:16:43 UTC,2012-06-18 15:16:43 UTC
12,12,true,true,true,true,true,true,true,true,true,true,true,2012-06-18 15:16:43 UTC,2012-06-18 15:16:43 UTC
13,13,true,true,true,true,true,true,true,true,true,true,true,2012-06-18 15:16:43 UTC,2012-06-18 15:16:43 UTC
14,14,true,true,true,true,true,true,true,true,true,true,true,2012-06-18 15:16:43 UTC,2012-06-18 15:16:43 UTC
15,15,true,true,true,true,true,true,true,true,true,true,true,2012-06-18 15:16:43 UTC,2012-06-18 15:16:43 UTC
16,16,true,true,true,true,true,true,true,true,true,true,true,2012-06-18 15:16:43 UTC,2012-06-18 15:16:43 UTC
17,17,true,true,true,true,true,true,true,true,true,true,true,2012-06-18 15:16:43 UTC,2012-06-18 15:16:43 UTC
18,18,true,true,true,true,true,true,true,true,true,true,true,2012-06-18 15:16:43 UTC,2012-06-18 15:16:43 UTC
19,19,true,true,true,true,true,true,true,true,true,true,true,2012-06-18 15:16:43 UTC,2012-06-18 15:16:43 UTC
20,1,true,true,true,true,true,true,true,true,true,true,true,2012-06-25 15:55:05 UTC,2012-06-25 15:55:05 UTC
21,2,true,true,true,true,true,true,true,true,true,true,true,2012-06-25 15:55:05 UTC,2012-06-25 15:55:05 UTC
22,3,true,true,true,true,true,true,true,true,true,true,true,2012-06-25 15:55:05 UTC,2012-06-25 15:55:05 UTC
23,4,true,true,true,true,true,true,true,true,true,true,true,2012-06-25 15:55:05 UTC,2012-06-25 15:55:05 UTC
24,5,true,true,true,true,true,true,true,true,true,true,true,2012-06-25 15:55:05 UTC,2012-06-25 15:55:05 UTC
25,6,true,true,true,true,true,true,true,true,true,true,true,2012-06-25 15:55:05 UTC,2012-06-25 15:55:05 UTC
26,7,true,true,true,true,true,true,true,true,true,true,true,2012-06-25 15:55:05 UTC,2012-06-25 15:55:05 UTC
27,8,true,true,true,true,true,true,true,true,true,true,true,2012-06-25 15:55:05 UTC,2012-06-25 15:55:05 UTC
28,9,true,true,true,true,true,true,true,true,true,true,true,2012-06-25 15:55:05 UTC,2012-06-25 15:55:05 UTC
29,10,true,true,true,true,true,true,true,true,true,true,true,2012-06-25 15:55:05 UTC,2012-06-25 15:55:05 UTC
30,11,true,true,true,true,true,true,true,true,true,true,true,2012-06-25 15:55:05 UTC,2012-06-25 15:55:05 UTC
31,12,true,true,true,true,true,true,true,true,true,true,true,2012-06-25 15:55:05 UTC,2012-06-25 15:55:05 UTC
32,13,true,true,true,true,true,true,true,true,true,true,true,2012-06-25 15:55:05 UTC,2012-06-25 15:55:05 UTC
33,14,true,true,true,true,true,true,true,true,true,true,true,2012-06-25 15:55:05 UTC,2012-06-25 15:55:05 UTC
34,15,true,true,true,true,true,true,true,true,true,true,true,2012-06-25 15:55:05 UTC,2012-06-25 15:55:05 UTC
35,16,true,true,true,true,true,true,true,true,true,true,true,2012-06-25 15:55:05 UTC,2012-06-25 15:55:05 UTC
36,17,true,true,true,true,true,true,true,true,true,true,true,2012-06-25 15:55:05 UTC,2012-06-25 15:55:05 UTC
37,18,true,true,true,true,true,true,true,true,true,true,true,2012-06-25 15:55:05 UTC,2012-06-25 15:55:05 UTC
38,19,true,true,true,true,true,true,true,true,true,true,true,2012-06-25 15:55:05 UTC,2012-06-25 15:55:05 UTC
153,1,true,true,true,true,true,true,true,true,true,true,true,2012-08-28 14:01:27 UTC,2012-08-28 14:01:27 UTC
154,2,true,true,true,true,true,true,true,true,true,true,true,2012-08-28 14:01:27 UTC,2012-08-28 14:01:27 UTC
155,3,true,true,true,true,true,true,true,true,true,true,true,2012-08-28 14:01:27 UTC,2012-08-28 14:01:27 UTC
156,4,true,true,true,true,true,true,true,true,true,true,true,2012-08-28 14:01:27 UTC,2012-08-28 14:01:27 UTC
157,5,true,true,true,true,true,true,true,true,true,true,true,2012-08-28 14:01:27 UTC,2012-08-28 14:01:27 UTC
158,6,true,true,true,true,true,true,true,true,true,true,true,2012-08-28 14:01:27 UTC,2012-08-28 14:01:27 UTC
159,7,true,true,true,true,true,true,true,true,true,true,true,2012-08-28 14:01:27 UTC,2012-08-28 14:01:27 UTC
160,8,true,true,true,true,true,true,true,true,true,true,true,2012-08-28 14:01:27 UTC,2012-08-28 14:01:27 UTC
161,9,true,true,true,true,true,true,true,true,true,true,true,2012-08-28 14:01:27 UTC,2012-08-28 14:01:27 UTC
162,10,true,true,true,true,true,true,true,true,true,true,true,2012-08-28 14:01:27 UTC,2012-08-28 14:01:27 UTC
163,11,true,true,true,true,true,true,true,true,true,true,true,2012-08-28 14:01:27 UTC,2012-08-28 14:01:27 UTC
164,12,true,true,true,true,true,true,true,true,true,true,true,2012-08-28 14:01:27 UTC,2012-08-28 14:01:27 UTC
165,13,true,true,true,true,true,true,true,true,true,true,true,2012-08-28 14:01:27 UTC,2012-08-28 14:01:27 UTC
166,14,true,true,true,true,true,true,true,true,true,true,true,2012-08-28 14:01:27 UTC,2012-08-28 14:01:27 UTC
167,15,true,true,true,true,true,true,true,true,true,true,true,2012-08-28 14:01:27 UTC,2012-08-28 14:01:27 UTC
168,16,true,true,true,true,true,true,true,true,true,true,true,2012-08-28 14:01:27 UTC,2012-08-28 14:01:27 UTC
169,17,true,true,true,true,true,true,true,true,true,true,true,2012-08-28 14:01:27 UTC,2012-08-28 14:01:27 UTC
170,18,true,true,true,true,true,true,true,true,true,true,true,2012-08-28 14:01:27 UTC,2012-08-28 14:01:27 UTC
171,19,true,true,true,true,true,true,true,true,true,true,true,2012-08-28 14:01:27 UTC,2012-08-28 14:01:27 UTC
172,1,true,true,true,true,true,true,true,true,true,true,true,2012-09-01 13:23:18 UTC,2012-09-01 13:23:18 UTC
173,2,true,true,true,true,true,true,true,true,true,true,true,2012-09-01 13:23:18 UTC,2012-09-01 13:23:18 UTC
174,3,true,true,true,true,true,true,true,true,true,true,true,2012-09-01 13:23:18 UTC,2012-09-01 13:23:18 UTC
175,4,true,true,true,true,true,true,true,true,true,true,true,2012-09-01 13:23:18 UTC,2012-09-01 13:23:18 UTC
176,5,true,true,true,true,true,true,true,true,true,true,true,2012-09-01 13:23:18 UTC,2012-09-01 13:23:18 UTC
177,6,true,true,true,true,true,true,true,true,true,true,true,2012-09-01 13:23:18 UTC,2012-09-01 13:23:18 UTC
178,7,true,true,true,true,true,true,true,true,true,true,true,2012-09-01 13:23:18 UTC,2012-09-01 13:23:18 UTC
179,8,true,true,true,true,true,true,true,true,true,true,true,2012-09-01 13:23:18 UTC,2012-09-01 13:23:18 UTC
180,9,true,true,true,true,true,true,true,true,true,true,true,2012-09-01 13:23:18 UTC,2012-09-01 13:23:18 UTC
181,10,true,true,true,true,true,true,true,true,true,true,true,2012-09-01 13:23:18 UTC,2012-09-01 13:23:18 UTC
182,11,true,true,true,true,true,true,true,true,true,true,true,2012-09-01 13:23:18 UTC,2012-09-01 13:23:18 UTC
183,12,true,true,true,true,true,true,true,true,true,true,true,2012-09-01 13:23:18 UTC,2012-09-01 13:23:18 UTC
184,13,true,true,true,true,true,true,true,true,true,true,true,2012-09-01 13:23:18 UTC,2012-09-01 13:23:18 UTC
185,14,true,true,true,true,true,true,true,true,true,true,true,2012-09-01 13:23:18 UTC,2012-09-01 13:23:18 UTC
186,15,true,true,true,true,true,true,true,true,true,true,true,2012-09-01 13:23:18 UTC,2012-09-01 13:23:18 UTC
187,16,true,true,true,true,true,true,true,true,true,true,true,2012-09-01 13:23:18 UTC,2012-09-01 13:23:18 UTC
188,17,true,true,true,true,true,true,true,true,true,true,true,2012-09-01 13:23:18 UTC,2012-09-01 13:23:18 UTC
189,18,true,true,true,true,true,true,true,true,true,true,true,2012-09-01 13:23:18 UTC,2012-09-01 13:23:18 UTC
190,19,true,true,true,true,true,true,true,true,true,true,true,2012-09-01 13:23:18 UTC,2012-09-01 13:23:18 UTC
191,1,true,true,true,true,true,true,true,true,true,true,true,2012-09-03 23:41:57 UTC,2012-09-03 23:41:57 UTC
192,2,true,true,true,true,true,true,true,true,true,true,true,2012-09-03 23:41:57 UTC,2012-09-03 23:41:57 UTC
193,3,true,true,true,true,true,true,true,true,true,true,true,2012-09-03 23:41:57 UTC,2012-09-03 23:41:57 UTC
194,4,true,true,true,true,true,true,true,true,true,true,true,2012-09-03 23:41:57 UTC,2012-09-03 23:41:57 UTC
195,5,true,true,true,true,true,true,true,true,true,true,true,2012-09-03 23:41:57 UTC,2012-09-03 23:41:57 UTC
196,6,true,true,true,true,true,true,true,true,true,true,true,2012-09-03 23:41:57 UTC,2012-09-03 23:41:57 UTC
197,7,true,true,true,true,true,true,true,true,true,true,true,2012-09-03 23:41:57 UTC,2012-09-03 23:41:57 UTC
198,8,true,true,true,true,true,true,true,true,true,true,true,2012-09-03 23:41:57 UTC,2012-09-03 23:41:57 UTC
199,9,true,true,true,true,true,true,true,true,true,true,true,2012-09-03 23:41:57 UTC,2012-09-03 23:41:57 UTC
200,10,true,true,true,true,true,true,true,true,true,true,true,2012-09-03 23:41:57 UTC,2012-09-03 23:41:57 UTC
201,11,true,true,true,true,true,true,true,true,true,true,true,2012-09-03 23:41:57 UTC,2012-09-03 23:41:57 UTC
202,12,true,true,true,true,true,true,true,true,true,true,true,2012-09-03 23:41:57 UTC,2012-09-03 23:41:57 UTC
203,13,true,true,true,true,true,true,true,true,true,true,true,2012-09-03 23:41:57 UTC,2012-09-03 23:41:57 UTC
204,14,true,true,true,true,true,true,true,true,true,true,true,2012-09-03 23:41:57 UTC,2012-09-03 23:41:57 UTC
205,15,true,true,true,true,true,true,true,true,true,true,true,2012-09-03 23:41:58 UTC,2012-09-03 23:41:58 UTC
206,16,true,true,true,true,true,true,true,true,true,true,true,2012-09-03 23:41:58 UTC,2012-09-03 23:41:58 UTC
207,17,true,true,true,true,true,true,true,true,true,true,true,2012-09-03 23:41:58 UTC,2012-09-03 23:41:58 UTC
208,18,true,true,true,true,true,true,true,true,true,true,true,2012-09-03 23:41:58 UTC,2012-09-03 23:41:58 UTC
209,19,true,true,true,true,true,true,true,true,true,true,true,2012-09-03 23:41:58 UTC,2012-09-03 23:41:58 UTC
210,1,true,true,true,true,true,true,true,true,true,true,true,2012-09-08 06:47:49 UTC,2012-09-08 06:47:49 UTC
211,2,true,true,true,true,true,true,true,true,true,true,true,2012-09-08 06:47:49 UTC,2012-09-08 06:47:49 UTC
212,3,true,true,true,true,true,true,true,true,true,true,true,2012-09-08 06:47:49 UTC,2012-09-08 06:47:49 UTC
213,4,true,true,true,true,true,true,true,true,true,true,true,2012-09-08 06:47:49 UTC,2012-09-08 06:47:49 UTC
214,5,true,true,true,true,true,true,true,true,true,true,true,2012-09-08 06:47:49 UTC,2012-09-08 06:47:49 UTC
215,6,true,true,true,true,true,true,true,true,true,true,true,2012-09-08 06:47:49 UTC,2012-09-08 06:47:49 UTC
216,7,true,true,true,true,true,true,true,true,true,true,true,2012-09-08 06:47:49 UTC,2012-09-08 06:47:49 UTC
217,8,true,true,true,true,true,true,true,true,true,true,true,2012-09-08 06:47:49 UTC,2012-09-08 06:47:49 UTC
218,9,true,true,true,true,true,true,true,true,true,true,true,2012-09-08 06:47:49 UTC,2012-09-08 06:47:49 UTC
219,10,true,true,true,true,true,true,true,true,true,true,true,2012-09-08 06:47:49 UTC,2012-09-08 06:47:49 UTC
220,11,true,true,true,true,true,true,true,true,true,true,true,2012-09-08 06:47:49 UTC,2012-09-08 06:47:49 UTC
221,12,true,true,true,true,true,true,true,true,true,true,true,2012-09-08 06:47:49 UTC,2012-09-08 06:47:49 UTC
222,13,true,true,true,true,true,true,true,true,true,true,true,2012-09-08 06:47:49 UTC,2012-09-08 06:47:49 UTC
223,14,true,true,true,true,true,true,true,true,true,true,true,2012-09-08 06:47:49 UTC,2012-09-08 06:47:49 UTC
224,15,true,true,true,true,true,true,true,true,true,true,true,2012-09-08 06:47:49 UTC,2012-09-08 06:47:49 UTC
225,16,true,true,true,true,true,true,true,true,true,true,true,2012-09-08 06:47:49 UTC,2012-09-08 06:47:49 UTC
226,17,true,true,true,true,true,true,true,true,true,true,true,2012-09-08 06:47:49 UTC,2012-09-08 06:47:49 UTC
227,18,true,true,true,true,true,true,true,true,true,true,true,2012-09-08 06:47:49 UTC,2012-09-08 06:47:49 UTC
228,19,true,true,true,true,true,true,true,true,true,true,true,2012-09-08 06:47:49 UTC,2012-09-08 06:47:49 UTC
